sales,prix,date,weekday,wday,month,year,event_name_1,event_type_1,event_name_2,event_type_2,snap_WI
130,1.25,2011-01-29,Saturday,1,1,2011,,,,,0
153,1.25,2011-01-30,Sunday,2,1,2011,,,,,0
119,1.25,2011-01-31,Monday,3,1,2011,,,,,0
80,1.25,2011-02-01,Tuesday,4,2,2011,,,,,0
80,1.25,2011-02-02,Wednesday,5,2,2011,,,,,1
128,1.25,2011-02-03,Thursday,6,2,2011,,,,,1
174,1.25,2011-02-04,Friday,7,2,2011,,,,,0
250,1.25,2011-02-05,Saturday,1,2,2011,,,,,1
228,1.25,2011-02-06,Sunday,2,2,2011,SuperBowl,Sporting,,,1
22,1.25,2011-02-07,Monday,3,2,2011,,,,,0
5,1.25,2011-02-08,Tuesday,4,2,2011,,,,,1
0,1.25,2011-02-09,Wednesday,5,2,2011,,,,,1
0,1.25,2011-02-10,Thursday,6,2,2011,,,,,0
0,1.25,2011-02-11,Friday,7,2,2011,,,,,1
0,1.25,2011-02-12,Saturday,1,2,2011,,,,,1
0,1.25,2011-02-13,Sunday,2,2,2011,,,,,0
0,1.25,2011-02-14,Monday,3,2,2011,ValentinesDay,Cultural,,,1
0,1.25,2011-02-15,Tuesday,4,2,2011,,,,,1
0,1.25,2011-02-16,Wednesday,5,2,2011,,,,,0
0,1.25,2011-02-17,Thursday,6,2,2011,,,,,0
0,1.25,2011-02-18,Friday,7,2,2011,,,,,0
0,1.25,2011-02-19,Saturday,1,2,2011,,,,,0
0,1.25,2011-02-20,Sunday,2,2,2011,,,,,0
0,1.25,2011-02-21,Monday,3,2,2011,PresidentsDay,National,,,0
0,1.25,2011-02-22,Tuesday,4,2,2011,,,,,0
0,1.25,2011-02-23,Wednesday,5,2,2011,,,,,0
0,1.25,2011-02-24,Thursday,6,2,2011,,,,,0
0,1.25,2011-02-25,Friday,7,2,2011,,,,,0
0,1.25,2011-02-26,Saturday,1,2,2011,,,,,0
0,1.25,2011-02-27,Sunday,2,2,2011,,,,,0
0,1.25,2011-02-28,Monday,3,2,2011,,,,,0
0,1.25,2011-03-01,Tuesday,4,3,2011,,,,,0
0,1.25,2011-03-02,Wednesday,5,3,2011,,,,,1
0,1.25,2011-03-03,Thursday,6,3,2011,,,,,1
0,1.25,2011-03-04,Friday,7,3,2011,,,,,0
0,1.25,2011-03-05,Saturday,1,3,2011,,,,,1
0,1.25,2011-03-06,Sunday,2,3,2011,,,,,1
0,1.25,2011-03-07,Monday,3,3,2011,,,,,0
0,1.25,2011-03-08,Tuesday,4,3,2011,,,,,1
0,1.25,2011-03-09,Wednesday,5,3,2011,LentStart,Religious,,,1
0,1.25,2011-03-10,Thursday,6,3,2011,,,,,0
0,1.25,2011-03-11,Friday,7,3,2011,,,,,1
0,1.25,2011-03-12,Saturday,1,3,2011,,,,,1
0,1.25,2011-03-13,Sunday,2,3,2011,,,,,0
0,1.25,2011-03-14,Monday,3,3,2011,,,,,1
0,1.25,2011-03-15,Tuesday,4,3,2011,,,,,1
0,1.25,2011-03-16,Wednesday,5,3,2011,LentWeek2,Religious,,,0
0,1.25,2011-03-17,Thursday,6,3,2011,StPatricksDay,Cultural,,,0
0,1.25,2011-03-18,Friday,7,3,2011,,,,,0
0,1.25,2011-03-19,Saturday,1,3,2011,,,,,0
0,1.25,2011-03-20,Sunday,2,3,2011,Purim End,Religious,,,0
0,1.25,2011-03-21,Monday,3,3,2011,,,,,0
0,1.25,2011-03-22,Tuesday,4,3,2011,,,,,0
0,1.25,2011-03-23,Wednesday,5,3,2011,,,,,0
0,1.25,2011-03-24,Thursday,6,3,2011,,,,,0
0,1.25,2011-03-25,Friday,7,3,2011,,,,,0
0,1.25,2011-03-26,Saturday,1,3,2011,,,,,0
0,1.25,2011-03-27,Sunday,2,3,2011,,,,,0
0,1.25,2011-03-28,Monday,3,3,2011,,,,,0
0,1.25,2011-03-29,Tuesday,4,3,2011,,,,,0
0,1.25,2011-03-30,Wednesday,5,3,2011,,,,,0
0,1.25,2011-03-31,Thursday,6,3,2011,,,,,0
0,1.25,2011-04-01,Friday,7,4,2011,,,,,0
0,1.25,2011-04-02,Saturday,1,4,2011,,,,,1
0,1.25,2011-04-03,Sunday,2,4,2011,,,,,1
0,1.25,2011-04-04,Monday,3,4,2011,,,,,0
0,1.25,2011-04-05,Tuesday,4,4,2011,,,,,1
0,1.25,2011-04-06,Wednesday,5,4,2011,,,,,1
0,1.25,2011-04-07,Thursday,6,4,2011,,,,,0
0,1.25,2011-04-08,Friday,7,4,2011,,,,,1
0,1.25,2011-04-09,Saturday,1,4,2011,,,,,1
0,1.25,2011-04-10,Sunday,2,4,2011,,,,,0
0,1.25,2011-04-11,Monday,3,4,2011,,,,,1
0,1.25,2011-04-12,Tuesday,4,4,2011,,,,,1
0,1.25,2011-04-13,Wednesday,5,4,2011,,,,,0
0,1.25,2011-04-14,Thursday,6,4,2011,,,,,1
0,1.25,2011-04-15,Friday,7,4,2011,,,,,1
0,1.25,2011-04-16,Saturday,1,4,2011,,,,,0
0,1.25,2011-04-17,Sunday,2,4,2011,,,,,0
0,1.25,2011-04-18,Monday,3,4,2011,,,,,0
0,1.25,2011-04-19,Tuesday,4,4,2011,,,,,0
0,1.25,2011-04-20,Wednesday,5,4,2011,,,,,0
0,1.25,2011-04-21,Thursday,6,4,2011,,,,,0
0,1.25,2011-04-22,Friday,7,4,2011,,,,,0
0,1.25,2011-04-23,Saturday,1,4,2011,,,,,0
0,1.25,2011-04-24,Sunday,2,4,2011,OrthodoxEaster,Religious,Easter,Cultural,0
0,1.25,2011-04-25,Monday,3,4,2011,,,,,0
0,1.25,2011-04-26,Tuesday,4,4,2011,Pesach End,Religious,,,0
0,1.25,2011-04-27,Wednesday,5,4,2011,,,,,0
0,1.25,2011-04-28,Thursday,6,4,2011,,,,,0
0,1.25,2011-04-29,Friday,7,4,2011,,,,,0
0,1.25,2011-04-30,Saturday,1,4,2011,,,,,0
0,1.25,2011-05-01,Sunday,2,5,2011,,,,,0
0,1.25,2011-05-02,Monday,3,5,2011,,,,,1
0,1.25,2011-05-03,Tuesday,4,5,2011,,,,,1
0,1.25,2011-05-04,Wednesday,5,5,2011,,,,,0
0,1.25,2011-05-05,Thursday,6,5,2011,Cinco De Mayo,Cultural,,,1
0,1.25,2011-05-06,Friday,7,5,2011,,,,,1
0,1.25,2011-05-07,Saturday,1,5,2011,,,,,0
0,1.25,2011-05-08,Sunday,2,5,2011,Mother's day,Cultural,,,1
0,1.25,2011-05-09,Monday,3,5,2011,,,,,1
0,1.25,2011-05-10,Tuesday,4,5,2011,,,,,0
0,1.25,2011-05-11,Wednesday,5,5,2011,,,,,1
0,1.25,2011-05-12,Thursday,6,5,2011,,,,,1
0,1.25,2011-05-13,Friday,7,5,2011,,,,,0
0,1.25,2011-05-14,Saturday,1,5,2011,,,,,1
0,1.25,2011-05-15,Sunday,2,5,2011,,,,,1
0,1.25,2011-05-16,Monday,3,5,2011,,,,,0
0,1.25,2011-05-17,Tuesday,4,5,2011,,,,,0
0,1.25,2011-05-18,Wednesday,5,5,2011,,,,,0
0,1.25,2011-05-19,Thursday,6,5,2011,,,,,0
0,1.25,2011-05-20,Friday,7,5,2011,,,,,0
0,1.25,2011-05-21,Saturday,1,5,2011,,,,,0
0,1.25,2011-05-22,Sunday,2,5,2011,,,,,0
0,1.25,2011-05-23,Monday,3,5,2011,,,,,0
0,1.25,2011-05-24,Tuesday,4,5,2011,,,,,0
0,1.25,2011-05-25,Wednesday,5,5,2011,,,,,0
0,1.25,2011-05-26,Thursday,6,5,2011,,,,,0
0,1.25,2011-05-27,Friday,7,5,2011,,,,,0
0,1.25,2011-05-28,Saturday,1,5,2011,,,,,0
0,1.25,2011-05-29,Sunday,2,5,2011,,,,,0
0,1.25,2011-05-30,Monday,3,5,2011,MemorialDay,National,,,0
0,1.25,2011-05-31,Tuesday,4,5,2011,NBAFinalsStart,Sporting,,,0
0,1.25,2011-06-01,Wednesday,5,6,2011,,,,,0
0,1.25,2011-06-02,Thursday,6,6,2011,,,,,1
0,1.25,2011-06-03,Friday,7,6,2011,,,,,1
0,1.25,2011-06-04,Saturday,1,6,2011,,,,,0
0,1.25,2011-06-05,Sunday,2,6,2011,,,,,1
0,1.25,2011-06-06,Monday,3,6,2011,,,,,1
0,1.25,2011-06-07,Tuesday,4,6,2011,,,,,0
0,1.25,2011-06-08,Wednesday,5,6,2011,,,,,1
0,1.25,2011-06-09,Thursday,6,6,2011,,,,,1
0,1.25,2011-06-10,Friday,7,6,2011,,,,,0
0,1.25,2011-06-11,Saturday,1,6,2011,,,,,1
0,1.25,2011-06-12,Sunday,2,6,2011,NBAFinalsEnd,Sporting,,,1
0,1.25,2011-06-13,Monday,3,6,2011,,,,,0
0,1.25,2011-06-14,Tuesday,4,6,2011,,,,,1
0,1.25,2011-06-15,Wednesday,5,6,2011,,,,,1
0,1.25,2011-06-16,Thursday,6,6,2011,,,,,0
0,1.25,2011-06-17,Friday,7,6,2011,,,,,0
0,1.25,2011-06-18,Saturday,1,6,2011,,,,,0
0,1.25,2011-06-19,Sunday,2,6,2011,Father's day,Cultural,,,0
0,1.25,2011-06-20,Monday,3,6,2011,,,,,0
0,1.25,2011-06-21,Tuesday,4,6,2011,,,,,0
0,1.25,2011-06-22,Wednesday,5,6,2011,,,,,0
0,1.25,2011-06-23,Thursday,6,6,2011,,,,,0
0,1.25,2011-06-24,Friday,7,6,2011,,,,,0
0,1.25,2011-06-25,Saturday,1,6,2011,,,,,0
0,1.25,2011-06-26,Sunday,2,6,2011,,,,,0
0,1.25,2011-06-27,Monday,3,6,2011,,,,,0
0,1.25,2011-06-28,Tuesday,4,6,2011,,,,,0
0,1.25,2011-06-29,Wednesday,5,6,2011,,,,,0
0,1.25,2011-06-30,Thursday,6,6,2011,,,,,0
0,1.25,2011-07-01,Friday,7,7,2011,,,,,0
0,1.25,2011-07-02,Saturday,1,7,2011,,,,,1
0,1.25,2011-07-03,Sunday,2,7,2011,,,,,1
0,1.25,2011-07-04,Monday,3,7,2011,IndependenceDay,National,,,0
0,1.25,2011-07-05,Tuesday,4,7,2011,,,,,1
0,1.25,2011-07-06,Wednesday,5,7,2011,,,,,1
0,1.25,2011-07-07,Thursday,6,7,2011,,,,,0
0,1.25,2011-07-08,Friday,7,7,2011,,,,,1
0,1.25,2011-07-09,Saturday,1,7,2011,,,,,1
0,1.25,2011-07-10,Sunday,2,7,2011,,,,,0
0,1.25,2011-07-11,Monday,3,7,2011,,,,,1
0,1.25,2011-07-12,Tuesday,4,7,2011,,,,,1
0,1.25,2011-07-13,Wednesday,5,7,2011,,,,,0
0,1.25,2011-07-14,Thursday,6,7,2011,,,,,1
0,1.25,2011-07-15,Friday,7,7,2011,,,,,1
0,1.25,2011-07-16,Saturday,1,7,2011,,,,,0
0,1.25,2011-07-17,Sunday,2,7,2011,,,,,0
0,1.25,2011-07-18,Monday,3,7,2011,,,,,0
0,1.25,2011-07-19,Tuesday,4,7,2011,,,,,0
0,1.25,2011-07-20,Wednesday,5,7,2011,,,,,0
0,1.25,2011-07-21,Thursday,6,7,2011,,,,,0
0,1.25,2011-07-22,Friday,7,7,2011,,,,,0
0,1.25,2011-07-23,Saturday,1,7,2011,,,,,0
0,1.25,2011-07-24,Sunday,2,7,2011,,,,,0
0,1.25,2011-07-25,Monday,3,7,2011,,,,,0
0,1.25,2011-07-26,Tuesday,4,7,2011,,,,,0
0,1.25,2011-07-27,Wednesday,5,7,2011,,,,,0
0,1.25,2011-07-28,Thursday,6,7,2011,,,,,0
0,1.25,2011-07-29,Friday,7,7,2011,,,,,0
0,1.25,2011-07-30,Saturday,1,7,2011,,,,,0
0,1.25,2011-07-31,Sunday,2,7,2011,,,,,0
0,1.25,2011-08-01,Monday,3,8,2011,Ramadan starts,Religious,,,0
0,1.25,2011-08-02,Tuesday,4,8,2011,,,,,1
0,1.25,2011-08-03,Wednesday,5,8,2011,,,,,1
0,1.25,2011-08-04,Thursday,6,8,2011,,,,,0
0,1.25,2011-08-05,Friday,7,8,2011,,,,,1
0,1.25,2011-08-06,Saturday,1,8,2011,,,,,1
0,1.25,2011-08-07,Sunday,2,8,2011,,,,,0
0,1.25,2011-08-08,Monday,3,8,2011,,,,,1
0,1.25,2011-08-09,Tuesday,4,8,2011,,,,,1
0,1.25,2011-08-10,Wednesday,5,8,2011,,,,,0
0,1.25,2011-08-11,Thursday,6,8,2011,,,,,1
0,1.25,2011-08-12,Friday,7,8,2011,,,,,1
0,1.25,2011-08-13,Saturday,1,8,2011,,,,,0
0,1.25,2011-08-14,Sunday,2,8,2011,,,,,1
0,1.25,2011-08-15,Monday,3,8,2011,,,,,1
0,1.25,2011-08-16,Tuesday,4,8,2011,,,,,0
0,1.25,2011-08-17,Wednesday,5,8,2011,,,,,0
0,1.25,2011-08-18,Thursday,6,8,2011,,,,,0
0,1.25,2011-08-19,Friday,7,8,2011,,,,,0
0,1.25,2011-08-20,Saturday,1,8,2011,,,,,0
0,1.25,2011-08-21,Sunday,2,8,2011,,,,,0
0,1.25,2011-08-22,Monday,3,8,2011,,,,,0
0,1.25,2011-08-23,Tuesday,4,8,2011,,,,,0
0,1.25,2011-08-24,Wednesday,5,8,2011,,,,,0
0,1.25,2011-08-25,Thursday,6,8,2011,,,,,0
0,1.25,2011-08-26,Friday,7,8,2011,,,,,0
0,1.25,2011-08-27,Saturday,1,8,2011,,,,,0
0,1.25,2011-08-28,Sunday,2,8,2011,,,,,0
0,1.25,2011-08-29,Monday,3,8,2011,,,,,0
0,1.25,2011-08-30,Tuesday,4,8,2011,,,,,0
0,1.25,2011-08-31,Wednesday,5,8,2011,Eid al-Fitr,Religious,,,0
0,1.25,2011-09-01,Thursday,6,9,2011,,,,,0
0,1.25,2011-09-02,Friday,7,9,2011,,,,,1
0,1.25,2011-09-03,Saturday,1,9,2011,,,,,1
0,1.25,2011-09-04,Sunday,2,9,2011,,,,,0
0,1.25,2011-09-05,Monday,3,9,2011,LaborDay,National,,,1
0,1.25,2011-09-06,Tuesday,4,9,2011,,,,,1
0,1.25,2011-09-07,Wednesday,5,9,2011,,,,,0
0,1.25,2011-09-08,Thursday,6,9,2011,,,,,1
0,1.25,2011-09-09,Friday,7,9,2011,,,,,1
0,1.25,2011-09-10,Saturday,1,9,2011,,,,,0
0,1.25,2011-09-11,Sunday,2,9,2011,,,,,1
0,1.25,2011-09-12,Monday,3,9,2011,,,,,1
0,1.25,2011-09-13,Tuesday,4,9,2011,,,,,0
0,1.25,2011-09-14,Wednesday,5,9,2011,,,,,1
0,1.25,2011-09-15,Thursday,6,9,2011,,,,,1
0,1.25,2011-09-16,Friday,7,9,2011,,,,,0
0,1.28,2011-09-17,Saturday,1,9,2011,,,,,0
0,1.28,2011-09-18,Sunday,2,9,2011,,,,,0
0,1.28,2011-09-19,Monday,3,9,2011,,,,,0
0,1.28,2011-09-20,Tuesday,4,9,2011,,,,,0
0,1.28,2011-09-21,Wednesday,5,9,2011,,,,,0
0,1.28,2011-09-22,Thursday,6,9,2011,,,,,0
111,1.28,2011-09-23,Friday,7,9,2011,,,,,0
168,1.28,2011-09-24,Saturday,1,9,2011,,,,,0
162,1.28,2011-09-25,Sunday,2,9,2011,,,,,0
127,1.28,2011-09-26,Monday,3,9,2011,,,,,0
72,1.28,2011-09-27,Tuesday,4,9,2011,,,,,0
58,1.28,2011-09-28,Wednesday,5,9,2011,,,,,0
100,1.28,2011-09-29,Thursday,6,9,2011,,,,,0
133,1.28,2011-09-30,Friday,7,9,2011,,,,,0
166,1.28,2011-10-01,Saturday,1,10,2011,,,,,0
207,1.28,2011-10-02,Sunday,2,10,2011,,,,,1
116,1.28,2011-10-03,Monday,3,10,2011,,,,,1
85,1.28,2011-10-04,Tuesday,4,10,2011,,,,,0
102,1.28,2011-10-05,Wednesday,5,10,2011,,,,,1
102,1.28,2011-10-06,Thursday,6,10,2011,,,,,1
227,1.28,2011-10-07,Friday,7,10,2011,,,,,0
182,1.28,2011-10-08,Saturday,1,10,2011,,,,,1
176,1.28,2011-10-09,Sunday,2,10,2011,,,,,1
79,1.28,2011-10-10,Monday,3,10,2011,ColumbusDay,National,,,0
85,1.28,2011-10-11,Tuesday,4,10,2011,,,,,1
112,1.28,2011-10-12,Wednesday,5,10,2011,,,,,1
100,1.28,2011-10-13,Thursday,6,10,2011,,,,,0
155,1.28,2011-10-14,Friday,7,10,2011,,,,,1
168,1.28,2011-10-15,Saturday,1,10,2011,,,,,1
184,1.28,2011-10-16,Sunday,2,10,2011,,,,,0
110,1.28,2011-10-17,Monday,3,10,2011,,,,,0
75,1.28,2011-10-18,Tuesday,4,10,2011,,,,,0
53,1.28,2011-10-19,Wednesday,5,10,2011,,,,,0
71,1.28,2011-10-20,Thursday,6,10,2011,,,,,0
102,1.28,2011-10-21,Friday,7,10,2011,,,,,0
145,1.28,2011-10-22,Saturday,1,10,2011,,,,,0
97,1.28,2011-10-23,Sunday,2,10,2011,,,,,0
82,1.28,2011-10-24,Monday,3,10,2011,,,,,0
57,1.28,2011-10-25,Tuesday,4,10,2011,,,,,0
82,1.28,2011-10-26,Wednesday,5,10,2011,,,,,0
113,1.28,2011-10-27,Thursday,6,10,2011,,,,,0
168,1.28,2011-10-28,Friday,7,10,2011,,,,,0
173,1.28,2011-10-29,Saturday,1,10,2011,,,,,0
107,1.28,2011-10-30,Sunday,2,10,2011,,,,,0
55,1.28,2011-10-31,Monday,3,10,2011,Halloween,Cultural,,,0
69,1.28,2011-11-01,Tuesday,4,11,2011,,,,,0
94,1.28,2011-11-02,Wednesday,5,11,2011,,,,,1
100,1.28,2011-11-03,Thursday,6,11,2011,,,,,1
130,1.28,2011-11-04,Friday,7,11,2011,,,,,0
140,1.28,2011-11-05,Saturday,1,11,2011,,,,,1
149,1.28,2011-11-06,Sunday,2,11,2011,,,,,1
84,1.28,2011-11-07,Monday,3,11,2011,EidAlAdha,Religious,,,0
66,1.28,2011-11-08,Tuesday,4,11,2011,,,,,1
95,1.28,2011-11-09,Wednesday,5,11,2011,,,,,1
118,1.28,2011-11-10,Thursday,6,11,2011,,,,,0
125,1.28,2011-11-11,Friday,7,11,2011,VeteransDay,National,,,1
156,1.28,2011-11-12,Saturday,1,11,2011,,,,,1
114,1.28,2011-11-13,Sunday,2,11,2011,,,,,0
91,1.28,2011-11-14,Monday,3,11,2011,,,,,1
100,1.28,2011-11-15,Tuesday,4,11,2011,,,,,1
83,1.28,2011-11-16,Wednesday,5,11,2011,,,,,0
75,1.28,2011-11-17,Thursday,6,11,2011,,,,,0
119,1.28,2011-11-18,Friday,7,11,2011,,,,,0
106,1.28,2011-11-19,Saturday,1,11,2011,,,,,0
107,1.28,2011-11-20,Sunday,2,11,2011,,,,,0
91,1.28,2011-11-21,Monday,3,11,2011,,,,,0
92,1.28,2011-11-22,Tuesday,4,11,2011,,,,,0
163,1.28,2011-11-23,Wednesday,5,11,2011,,,,,0
101,1.28,2011-11-24,Thursday,6,11,2011,Thanksgiving,National,,,0
100,1.28,2011-11-25,Friday,7,11,2011,,,,,0
96,1.28,2011-11-26,Saturday,1,11,2011,,,,,0
91,1.28,2011-11-27,Sunday,2,11,2011,,,,,0
39,1.28,2011-11-28,Monday,3,11,2011,,,,,0
94,1.28,2011-11-29,Tuesday,4,11,2011,,,,,0
69,1.28,2011-11-30,Wednesday,5,11,2011,,,,,0
66,1.28,2011-12-01,Thursday,6,12,2011,,,,,0
173,1.28,2011-12-02,Friday,7,12,2011,,,,,1
200,1.28,2011-12-03,Saturday,1,12,2011,,,,,1
149,1.28,2011-12-04,Sunday,2,12,2011,,,,,0
112,1.28,2011-12-05,Monday,3,12,2011,,,,,1
93,1.28,2011-12-06,Tuesday,4,12,2011,,,,,1
81,1.28,2011-12-07,Wednesday,5,12,2011,,,,,0
126,1.28,2011-12-08,Thursday,6,12,2011,,,,,1
116,1.28,2011-12-09,Friday,7,12,2011,,,,,1
166,1.28,2011-12-10,Saturday,1,12,2011,,,,,0
128,1.28,2011-12-11,Sunday,2,12,2011,,,,,1
114,1.28,2011-12-12,Monday,3,12,2011,,,,,1
75,1.28,2011-12-13,Tuesday,4,12,2011,,,,,0
96,1.28,2011-12-14,Wednesday,5,12,2011,,,,,1
103,1.28,2011-12-15,Thursday,6,12,2011,,,,,1
178,1.28,2011-12-16,Friday,7,12,2011,,,,,0
148,1.28,2011-12-17,Saturday,1,12,2011,,,,,0
102,1.28,2011-12-18,Sunday,2,12,2011,,,,,0
222,1.28,2011-12-19,Monday,3,12,2011,,,,,0
2,1.28,2011-12-20,Tuesday,4,12,2011,,,,,0
0,1.28,2011-12-21,Wednesday,5,12,2011,,,,,0
4,1.28,2011-12-22,Thursday,6,12,2011,,,,,0
10,1.28,2011-12-23,Friday,7,12,2011,,,,,0
288,1.48,2011-12-24,Saturday,1,12,2011,,,,,0
0,1.48,2011-12-25,Sunday,2,12,2011,Christmas,National,,,0
86,1.48,2011-12-26,Monday,3,12,2011,,,,,0
106,1.48,2011-12-27,Tuesday,4,12,2011,,,,,0
31,1.48,2011-12-28,Wednesday,5,12,2011,Chanukah End,Religious,,,0
0,1.48,2011-12-29,Thursday,6,12,2011,,,,,0
0,1.48,2011-12-30,Friday,7,12,2011,,,,,0
374,1.28,2011-12-31,Saturday,1,12,2011,,,,,0
82,1.28,2012-01-01,Sunday,2,1,2012,NewYear,National,,,0
76,1.28,2012-01-02,Monday,3,1,2012,,,,,1
106,1.28,2012-01-03,Tuesday,4,1,2012,,,,,1
128,1.28,2012-01-04,Wednesday,5,1,2012,,,,,0
85,1.28,2012-01-05,Thursday,6,1,2012,,,,,1
96,1.28,2012-01-06,Friday,7,1,2012,,,,,1
145,1.28,2012-01-07,Saturday,1,1,2012,OrthodoxChristmas,Religious,,,0
134,1.28,2012-01-08,Sunday,2,1,2012,,,,,1
102,1.28,2012-01-09,Monday,3,1,2012,,,,,1
97,1.28,2012-01-10,Tuesday,4,1,2012,,,,,0
135,1.28,2012-01-11,Wednesday,5,1,2012,,,,,1
74,1.28,2012-01-12,Thursday,6,1,2012,,,,,1
143,1.28,2012-01-13,Friday,7,1,2012,,,,,0
197,1.28,2012-01-14,Saturday,1,1,2012,,,,,1
139,1.28,2012-01-15,Sunday,2,1,2012,,,,,1
115,1.28,2012-01-16,Monday,3,1,2012,MartinLutherKingDay,National,,,0
78,1.28,2012-01-17,Tuesday,4,1,2012,,,,,0
91,1.28,2012-01-18,Wednesday,5,1,2012,,,,,0
80,1.28,2012-01-19,Thursday,6,1,2012,,,,,0
109,1.28,2012-01-20,Friday,7,1,2012,,,,,0
193,1.28,2012-01-21,Saturday,1,1,2012,,,,,0
175,1.28,2012-01-22,Sunday,2,1,2012,,,,,0
70,1.28,2012-01-23,Monday,3,1,2012,,,,,0
0,1.28,2012-01-24,Tuesday,4,1,2012,,,,,0
0,1.28,2012-01-25,Wednesday,5,1,2012,,,,,0
0,1.28,2012-01-26,Thursday,6,1,2012,,,,,0
0,1.28,2012-01-27,Friday,7,1,2012,,,,,0
0,1.28,2012-01-28,Saturday,1,1,2012,,,,,0
0,1.28,2012-01-29,Sunday,2,1,2012,,,,,0
0,1.28,2012-01-30,Monday,3,1,2012,,,,,0
0,1.28,2012-01-31,Tuesday,4,1,2012,,,,,0
0,1.28,2012-02-01,Wednesday,5,2,2012,,,,,0
0,1.28,2012-02-02,Thursday,6,2,2012,,,,,1
0,1.28,2012-02-03,Friday,7,2,2012,,,,,1
0,1.28,2012-02-04,Saturday,1,2,2012,,,,,0
0,1.28,2012-02-05,Sunday,2,2,2012,SuperBowl,Sporting,,,1
0,1.28,2012-02-06,Monday,3,2,2012,,,,,1
0,1.28,2012-02-07,Tuesday,4,2,2012,,,,,0
0,1.28,2012-02-08,Wednesday,5,2,2012,,,,,1
0,1.28,2012-02-09,Thursday,6,2,2012,,,,,1
0,1.28,2012-02-10,Friday,7,2,2012,,,,,0
0,1.34,2012-02-11,Saturday,1,2,2012,,,,,1
0,1.34,2012-02-12,Sunday,2,2,2012,,,,,1
0,1.34,2012-02-13,Monday,3,2,2012,,,,,0
0,1.34,2012-02-14,Tuesday,4,2,2012,ValentinesDay,Cultural,,,1
0,1.34,2012-02-15,Wednesday,5,2,2012,,,,,1
63,1.34,2012-02-16,Thursday,6,2,2012,,,,,0
108,1.34,2012-02-17,Friday,7,2,2012,,,,,0
149,1.34,2012-02-18,Saturday,1,2,2012,,,,,0
120,1.34,2012-02-19,Sunday,2,2,2012,,,,,0
86,1.34,2012-02-20,Monday,3,2,2012,PresidentsDay,National,,,0
87,1.34,2012-02-21,Tuesday,4,2,2012,,,,,0
75,1.34,2012-02-22,Wednesday,5,2,2012,LentStart,Religious,,,0
70,1.34,2012-02-23,Thursday,6,2,2012,,,,,0
78,1.34,2012-02-24,Friday,7,2,2012,,,,,0
133,1.34,2012-02-25,Saturday,1,2,2012,,,,,0
131,1.34,2012-02-26,Sunday,2,2,2012,,,,,0
62,1.34,2012-02-27,Monday,3,2,2012,,,,,0
67,1.34,2012-02-28,Tuesday,4,2,2012,,,,,0
56,1.34,2012-02-29,Wednesday,5,2,2012,LentWeek2,Religious,,,0
62,1.34,2012-03-01,Thursday,6,3,2012,,,,,0
113,1.34,2012-03-02,Friday,7,3,2012,,,,,1
159,1.34,2012-03-03,Saturday,1,3,2012,,,,,1
145,1.34,2012-03-04,Sunday,2,3,2012,,,,,0
77,1.34,2012-03-05,Monday,3,3,2012,,,,,1
137,1.34,2012-03-06,Tuesday,4,3,2012,,,,,1
83,1.34,2012-03-07,Wednesday,5,3,2012,,,,,0
83,1.34,2012-03-08,Thursday,6,3,2012,Purim End,Religious,,,1
101,1.34,2012-03-09,Friday,7,3,2012,,,,,1
166,1.34,2012-03-10,Saturday,1,3,2012,,,,,0
130,1.34,2012-03-11,Sunday,2,3,2012,,,,,1
158,1.34,2012-03-12,Monday,3,3,2012,,,,,1
88,1.34,2012-03-13,Tuesday,4,3,2012,,,,,0
114,1.34,2012-03-14,Wednesday,5,3,2012,,,,,1
91,1.34,2012-03-15,Thursday,6,3,2012,,,,,1
142,1.34,2012-03-16,Friday,7,3,2012,,,,,0
162,1.34,2012-03-17,Saturday,1,3,2012,StPatricksDay,Cultural,,,0
124,1.34,2012-03-18,Sunday,2,3,2012,,,,,0
75,1.34,2012-03-19,Monday,3,3,2012,,,,,0
92,1.34,2012-03-20,Tuesday,4,3,2012,,,,,0
77,1.34,2012-03-21,Wednesday,5,3,2012,,,,,0
79,1.34,2012-03-22,Thursday,6,3,2012,,,,,0
104,1.34,2012-03-23,Friday,7,3,2012,,,,,0
158,1.34,2012-03-24,Saturday,1,3,2012,,,,,0
116,1.34,2012-03-25,Sunday,2,3,2012,,,,,0
76,1.34,2012-03-26,Monday,3,3,2012,,,,,0
65,1.34,2012-03-27,Tuesday,4,3,2012,,,,,0
5,1.34,2012-03-28,Wednesday,5,3,2012,,,,,0
0,1.34,2012-03-29,Thursday,6,3,2012,,,,,0
0,1.34,2012-03-30,Friday,7,3,2012,,,,,0
160,1.48,2012-03-31,Saturday,1,3,2012,,,,,0
112,1.48,2012-04-01,Sunday,2,4,2012,,,,,0
82,1.48,2012-04-02,Monday,3,4,2012,,,,,1
84,1.48,2012-04-03,Tuesday,4,4,2012,,,,,1
78,1.48,2012-04-04,Wednesday,5,4,2012,,,,,0
82,1.48,2012-04-05,Thursday,6,4,2012,,,,,1
127,1.48,2012-04-06,Friday,7,4,2012,,,,,1
104,1.48,2012-04-07,Saturday,1,4,2012,,,,,0
121,1.48,2012-04-08,Sunday,2,4,2012,Easter,Cultural,,,1
62,1.48,2012-04-09,Monday,3,4,2012,,,,,1
58,1.48,2012-04-10,Tuesday,4,4,2012,,,,,0
78,1.48,2012-04-11,Wednesday,5,4,2012,,,,,1
55,1.48,2012-04-12,Thursday,6,4,2012,,,,,1
95,1.48,2012-04-13,Friday,7,4,2012,,,,,0
172,1.48,2012-04-14,Saturday,1,4,2012,Pesach End,Religious,,,1
86,1.48,2012-04-15,Sunday,2,4,2012,OrthodoxEaster,Religious,,,1
55,1.48,2012-04-16,Monday,3,4,2012,,,,,0
55,1.48,2012-04-17,Tuesday,4,4,2012,,,,,0
57,1.48,2012-04-18,Wednesday,5,4,2012,,,,,0
41,1.48,2012-04-19,Thursday,6,4,2012,,,,,0
94,1.48,2012-04-20,Friday,7,4,2012,,,,,0
104,1.48,2012-04-21,Saturday,1,4,2012,,,,,0
96,1.48,2012-04-22,Sunday,2,4,2012,,,,,0
52,1.48,2012-04-23,Monday,3,4,2012,,,,,0
45,1.48,2012-04-24,Tuesday,4,4,2012,,,,,0
85,1.48,2012-04-25,Wednesday,5,4,2012,,,,,0
44,1.48,2012-04-26,Thursday,6,4,2012,,,,,0
89,1.48,2012-04-27,Friday,7,4,2012,,,,,0
117,1.48,2012-04-28,Saturday,1,4,2012,,,,,0
106,1.48,2012-04-29,Sunday,2,4,2012,,,,,0
31,1.48,2012-04-30,Monday,3,4,2012,,,,,0
53,1.48,2012-05-01,Tuesday,4,5,2012,,,,,0
92,1.48,2012-05-02,Wednesday,5,5,2012,,,,,1
92,1.48,2012-05-03,Thursday,6,5,2012,,,,,1
106,1.48,2012-05-04,Friday,7,5,2012,,,,,0
125,1.48,2012-05-05,Saturday,1,5,2012,Cinco De Mayo,Cultural,,,1
113,1.48,2012-05-06,Sunday,2,5,2012,,,,,1
68,1.48,2012-05-07,Monday,3,5,2012,,,,,0
40,1.48,2012-05-08,Tuesday,4,5,2012,,,,,1
79,1.48,2012-05-09,Wednesday,5,5,2012,,,,,1
78,1.48,2012-05-10,Thursday,6,5,2012,,,,,0
111,1.48,2012-05-11,Friday,7,5,2012,,,,,1
171,1.48,2012-05-12,Saturday,1,5,2012,,,,,1
100,1.48,2012-05-13,Sunday,2,5,2012,Mother's day,Cultural,,,0
91,1.48,2012-05-14,Monday,3,5,2012,,,,,1
67,1.48,2012-05-15,Tuesday,4,5,2012,,,,,1
46,1.48,2012-05-16,Wednesday,5,5,2012,,,,,0
66,1.48,2012-05-17,Thursday,6,5,2012,,,,,0
132,1.48,2012-05-18,Friday,7,5,2012,,,,,0
105,1.48,2012-05-19,Saturday,1,5,2012,,,,,0
71,1.48,2012-05-20,Sunday,2,5,2012,,,,,0
32,1.48,2012-05-21,Monday,3,5,2012,,,,,0
58,1.48,2012-05-22,Tuesday,4,5,2012,,,,,0
33,1.48,2012-05-23,Wednesday,5,5,2012,,,,,0
67,1.48,2012-05-24,Thursday,6,5,2012,,,,,0
88,1.48,2012-05-25,Friday,7,5,2012,,,,,0
119,1.48,2012-05-26,Saturday,1,5,2012,,,,,0
97,1.48,2012-05-27,Sunday,2,5,2012,,,,,0
47,1.48,2012-05-28,Monday,3,5,2012,MemorialDay,National,,,0
24,1.48,2012-05-29,Tuesday,4,5,2012,,,,,0
46,1.48,2012-05-30,Wednesday,5,5,2012,,,,,0
62,1.48,2012-05-31,Thursday,6,5,2012,,,,,0
65,1.48,2012-06-01,Friday,7,6,2012,,,,,0
111,1.48,2012-06-02,Saturday,1,6,2012,,,,,1
72,1.48,2012-06-03,Sunday,2,6,2012,,,,,1
56,1.48,2012-06-04,Monday,3,6,2012,,,,,0
39,1.48,2012-06-05,Tuesday,4,6,2012,,,,,1
50,1.48,2012-06-06,Wednesday,5,6,2012,,,,,1
39,1.48,2012-06-07,Thursday,6,6,2012,,,,,0
128,1.48,2012-06-08,Friday,7,6,2012,,,,,1
98,1.48,2012-06-09,Saturday,1,6,2012,,,,,1
81,1.48,2012-06-10,Sunday,2,6,2012,,,,,0
70,1.48,2012-06-11,Monday,3,6,2012,,,,,1
58,1.48,2012-06-12,Tuesday,4,6,2012,NBAFinalsStart,Sporting,,,1
40,1.48,2012-06-13,Wednesday,5,6,2012,,,,,0
89,1.48,2012-06-14,Thursday,6,6,2012,,,,,1
107,1.48,2012-06-15,Friday,7,6,2012,,,,,1
132,1.48,2012-06-16,Saturday,1,6,2012,,,,,0
16,1.48,2012-06-17,Sunday,2,6,2012,Father's day,Cultural,,,0
44,1.48,2012-06-18,Monday,3,6,2012,,,,,0
65,1.48,2012-06-19,Tuesday,4,6,2012,,,,,0
50,1.48,2012-06-20,Wednesday,5,6,2012,,,,,0
64,1.48,2012-06-21,Thursday,6,6,2012,NBAFinalsEnd,Sporting,,,0
112,1.48,2012-06-22,Friday,7,6,2012,,,,,0
80,1.48,2012-06-23,Saturday,1,6,2012,,,,,0
85,1.48,2012-06-24,Sunday,2,6,2012,,,,,0
57,1.48,2012-06-25,Monday,3,6,2012,,,,,0
46,1.48,2012-06-26,Tuesday,4,6,2012,,,,,0
55,1.48,2012-06-27,Wednesday,5,6,2012,,,,,0
81,1.48,2012-06-28,Thursday,6,6,2012,,,,,0
89,1.48,2012-06-29,Friday,7,6,2012,,,,,0
51,1.48,2012-06-30,Saturday,1,6,2012,,,,,0
81,1.48,2012-07-01,Sunday,2,7,2012,,,,,0
83,1.48,2012-07-02,Monday,3,7,2012,,,,,1
156,1.48,2012-07-03,Tuesday,4,7,2012,,,,,1
58,1.48,2012-07-04,Wednesday,5,7,2012,IndependenceDay,National,,,0
45,1.48,2012-07-05,Thursday,6,7,2012,,,,,1
11,1.48,2012-07-06,Friday,7,7,2012,,,,,1
91,1.34,2012-07-07,Saturday,1,7,2012,,,,,0
75,1.34,2012-07-08,Sunday,2,7,2012,,,,,1
62,1.34,2012-07-09,Monday,3,7,2012,,,,,1
45,1.34,2012-07-10,Tuesday,4,7,2012,,,,,0
36,1.34,2012-07-11,Wednesday,5,7,2012,,,,,1
68,1.34,2012-07-12,Thursday,6,7,2012,,,,,1
98,1.34,2012-07-13,Friday,7,7,2012,,,,,0
76,1.34,2012-07-14,Saturday,1,7,2012,,,,,1
116,1.34,2012-07-15,Sunday,2,7,2012,,,,,1
56,1.34,2012-07-16,Monday,3,7,2012,,,,,0
54,1.34,2012-07-17,Tuesday,4,7,2012,,,,,0
85,1.34,2012-07-18,Wednesday,5,7,2012,,,,,0
39,1.34,2012-07-19,Thursday,6,7,2012,,,,,0
79,1.34,2012-07-20,Friday,7,7,2012,Ramadan starts,Religious,,,0
122,1.34,2012-07-21,Saturday,1,7,2012,,,,,0
70,1.34,2012-07-22,Sunday,2,7,2012,,,,,0
49,1.34,2012-07-23,Monday,3,7,2012,,,,,0
44,1.34,2012-07-24,Tuesday,4,7,2012,,,,,0
87,1.34,2012-07-25,Wednesday,5,7,2012,,,,,0
27,1.34,2012-07-26,Thursday,6,7,2012,,,,,0
86,1.34,2012-07-27,Friday,7,7,2012,,,,,0
98,1.34,2012-07-28,Saturday,1,7,2012,,,,,0
79,1.34,2012-07-29,Sunday,2,7,2012,,,,,0
69,1.34,2012-07-30,Monday,3,7,2012,,,,,0
0,1.34,2012-07-31,Tuesday,4,7,2012,,,,,0
57,1.34,2012-08-01,Wednesday,5,8,2012,,,,,0
88,1.34,2012-08-02,Thursday,6,8,2012,,,,,1
12,1.34,2012-08-03,Friday,7,8,2012,,,,,1
74,1.38,2012-08-04,Saturday,1,8,2012,,,,,0
1,1.38,2012-08-05,Sunday,2,8,2012,,,,,1
72,1.38,2012-08-06,Monday,3,8,2012,,,,,1
48,1.38,2012-08-07,Tuesday,4,8,2012,,,,,0
86,1.38,2012-08-08,Wednesday,5,8,2012,,,,,1
79,1.38,2012-08-09,Thursday,6,8,2012,,,,,1
103,1.38,2012-08-10,Friday,7,8,2012,,,,,0
115,1.38,2012-08-11,Saturday,1,8,2012,,,,,1
31,1.38,2012-08-12,Sunday,2,8,2012,,,,,1
72,1.38,2012-08-13,Monday,3,8,2012,,,,,0
57,1.38,2012-08-14,Tuesday,4,8,2012,,,,,1
45,1.38,2012-08-15,Wednesday,5,8,2012,,,,,1
77,1.38,2012-08-16,Thursday,6,8,2012,,,,,0
92,1.38,2012-08-17,Friday,7,8,2012,,,,,0
118,1.38,2012-08-18,Saturday,1,8,2012,,,,,0
10,1.38,2012-08-19,Sunday,2,8,2012,Eid al-Fitr,Religious,,,0
57,1.38,2012-08-20,Monday,3,8,2012,,,,,0
7,1.38,2012-08-21,Tuesday,4,8,2012,,,,,0
60,1.38,2012-08-22,Wednesday,5,8,2012,,,,,0
57,1.38,2012-08-23,Thursday,6,8,2012,,,,,0
74,1.38,2012-08-24,Friday,7,8,2012,,,,,0
94,1.38,2012-08-25,Saturday,1,8,2012,,,,,0
34,1.38,2012-08-26,Sunday,2,8,2012,,,,,0
52,1.38,2012-08-27,Monday,3,8,2012,,,,,0
29,1.38,2012-08-28,Tuesday,4,8,2012,,,,,0
46,1.38,2012-08-29,Wednesday,5,8,2012,,,,,0
57,1.38,2012-08-30,Thursday,6,8,2012,,,,,0
88,1.38,2012-08-31,Friday,7,8,2012,,,,,0
83,1.38,2012-09-01,Saturday,1,9,2012,,,,,0
147,1.38,2012-09-02,Sunday,2,9,2012,,,,,1
4,1.38,2012-09-03,Monday,3,9,2012,LaborDay,National,,,1
63,1.38,2012-09-04,Tuesday,4,9,2012,,,,,0
64,1.38,2012-09-05,Wednesday,5,9,2012,,,,,1
80,1.38,2012-09-06,Thursday,6,9,2012,,,,,1
64,1.38,2012-09-07,Friday,7,9,2012,,,,,0
130,1.38,2012-09-08,Saturday,1,9,2012,,,,,1
47,1.38,2012-09-09,Sunday,2,9,2012,,,,,1
38,1.38,2012-09-10,Monday,3,9,2012,,,,,0
56,1.38,2012-09-11,Tuesday,4,9,2012,,,,,1
43,1.38,2012-09-12,Wednesday,5,9,2012,,,,,1
56,1.38,2012-09-13,Thursday,6,9,2012,,,,,0
100,1.38,2012-09-14,Friday,7,9,2012,,,,,1
100,1.38,2012-09-15,Saturday,1,9,2012,,,,,1
78,1.38,2012-09-16,Sunday,2,9,2012,,,,,0
64,1.38,2012-09-17,Monday,3,9,2012,,,,,0
43,1.38,2012-09-18,Tuesday,4,9,2012,,,,,0
21,1.38,2012-09-19,Wednesday,5,9,2012,,,,,0
78,1.38,2012-09-20,Thursday,6,9,2012,,,,,0
90,1.38,2012-09-21,Friday,7,9,2012,,,,,0
142,1.38,2012-09-22,Saturday,1,9,2012,,,,,0
61,1.38,2012-09-23,Sunday,2,9,2012,,,,,0
36,1.38,2012-09-24,Monday,3,9,2012,,,,,0
63,1.38,2012-09-25,Tuesday,4,9,2012,,,,,0
39,1.38,2012-09-26,Wednesday,5,9,2012,,,,,0
61,1.38,2012-09-27,Thursday,6,9,2012,,,,,0
81,1.38,2012-09-28,Friday,7,9,2012,,,,,0
109,1.38,2012-09-29,Saturday,1,9,2012,,,,,0
77,1.38,2012-09-30,Sunday,2,9,2012,,,,,0
57,1.38,2012-10-01,Monday,3,10,2012,,,,,0
77,1.38,2012-10-02,Tuesday,4,10,2012,,,,,1
57,1.38,2012-10-03,Wednesday,5,10,2012,,,,,1
94,1.38,2012-10-04,Thursday,6,10,2012,,,,,0
83,1.38,2012-10-05,Friday,7,10,2012,,,,,1
147,1.38,2012-10-06,Saturday,1,10,2012,,,,,1
64,1.38,2012-10-07,Sunday,2,10,2012,,,,,0
63,1.38,2012-10-08,Monday,3,10,2012,ColumbusDay,National,,,1
41,1.38,2012-10-09,Tuesday,4,10,2012,,,,,1
76,1.38,2012-10-10,Wednesday,5,10,2012,,,,,0
82,1.38,2012-10-11,Thursday,6,10,2012,,,,,1
113,1.38,2012-10-12,Friday,7,10,2012,,,,,1
155,1.38,2012-10-13,Saturday,1,10,2012,,,,,0
63,1.38,2012-10-14,Sunday,2,10,2012,,,,,1
63,1.38,2012-10-15,Monday,3,10,2012,,,,,1
47,1.38,2012-10-16,Tuesday,4,10,2012,,,,,0
54,1.38,2012-10-17,Wednesday,5,10,2012,,,,,0
71,1.38,2012-10-18,Thursday,6,10,2012,,,,,0
75,1.38,2012-10-19,Friday,7,10,2012,,,,,0
0,1.25,2012-10-20,Saturday,1,10,2012,,,,,0
0,1.25,2012-10-21,Sunday,2,10,2012,,,,,0
0,1.25,2012-10-22,Monday,3,10,2012,,,,,0
61,1.25,2012-10-23,Tuesday,4,10,2012,,,,,0
75,1.25,2012-10-24,Wednesday,5,10,2012,,,,,0
62,1.25,2012-10-25,Thursday,6,10,2012,,,,,0
119,1.25,2012-10-26,Friday,7,10,2012,EidAlAdha,Religious,,,0
114,1.25,2012-10-27,Saturday,1,10,2012,,,,,0
79,1.25,2012-10-28,Sunday,2,10,2012,,,,,0
58,1.25,2012-10-29,Monday,3,10,2012,,,,,0
55,1.25,2012-10-30,Tuesday,4,10,2012,,,,,0
50,1.25,2012-10-31,Wednesday,5,10,2012,Halloween,Cultural,,,0
73,1.25,2012-11-01,Thursday,6,11,2012,,,,,0
114,1.25,2012-11-02,Friday,7,11,2012,,,,,1
140,1.25,2012-11-03,Saturday,1,11,2012,,,,,1
100,1.25,2012-11-04,Sunday,2,11,2012,,,,,0
62,1.25,2012-11-05,Monday,3,11,2012,,,,,1
52,1.25,2012-11-06,Tuesday,4,11,2012,,,,,1
57,1.25,2012-11-07,Wednesday,5,11,2012,,,,,0
69,1.25,2012-11-08,Thursday,6,11,2012,,,,,1
163,1.25,2012-11-09,Friday,7,11,2012,,,,,1
117,1.25,2012-11-10,Saturday,1,11,2012,,,,,0
137,1.25,2012-11-11,Sunday,2,11,2012,VeteransDay,National,,,1
105,1.25,2012-11-12,Monday,3,11,2012,,,,,1
71,1.25,2012-11-13,Tuesday,4,11,2012,,,,,0
102,1.25,2012-11-14,Wednesday,5,11,2012,,,,,1
87,1.25,2012-11-15,Thursday,6,11,2012,,,,,1
128,1.25,2012-11-16,Friday,7,11,2012,,,,,0
186,1.25,2012-11-17,Saturday,1,11,2012,,,,,0
167,1.25,2012-11-18,Sunday,2,11,2012,,,,,0
127,1.25,2012-11-19,Monday,3,11,2012,,,,,0
109,1.25,2012-11-20,Tuesday,4,11,2012,,,,,0
186,1.25,2012-11-21,Wednesday,5,11,2012,,,,,0
210,1.25,2012-11-22,Thursday,6,11,2012,Thanksgiving,National,,,0
6,1.25,2012-11-23,Friday,7,11,2012,,,,,0
169,1.25,2012-11-24,Saturday,1,11,2012,,,,,0
92,1.25,2012-11-25,Sunday,2,11,2012,,,,,0
66,1.25,2012-11-26,Monday,3,11,2012,,,,,0
64,1.25,2012-11-27,Tuesday,4,11,2012,,,,,0
70,1.25,2012-11-28,Wednesday,5,11,2012,,,,,0
81,1.25,2012-11-29,Thursday,6,11,2012,,,,,0
128,1.25,2012-11-30,Friday,7,11,2012,,,,,0
275,1.25,2012-12-01,Saturday,1,12,2012,,,,,0
115,1.25,2012-12-02,Sunday,2,12,2012,,,,,1
133,1.25,2012-12-03,Monday,3,12,2012,,,,,1
78,1.25,2012-12-04,Tuesday,4,12,2012,,,,,0
86,1.25,2012-12-05,Wednesday,5,12,2012,,,,,1
95,1.25,2012-12-06,Thursday,6,12,2012,,,,,1
149,1.25,2012-12-07,Friday,7,12,2012,,,,,0
209,1.25,2012-12-08,Saturday,1,12,2012,,,,,1
121,1.25,2012-12-09,Sunday,2,12,2012,,,,,1
96,1.25,2012-12-10,Monday,3,12,2012,,,,,0
97,1.25,2012-12-11,Tuesday,4,12,2012,,,,,1
75,1.25,2012-12-12,Wednesday,5,12,2012,,,,,1
92,1.25,2012-12-13,Thursday,6,12,2012,,,,,0
141,1.25,2012-12-14,Friday,7,12,2012,,,,,1
141,1.25,2012-12-15,Saturday,1,12,2012,,,,,1
158,1.25,2012-12-16,Sunday,2,12,2012,Chanukah End,Religious,,,0
77,1.25,2012-12-17,Monday,3,12,2012,,,,,0
98,1.25,2012-12-18,Tuesday,4,12,2012,,,,,0
142,1.25,2012-12-19,Wednesday,5,12,2012,,,,,0
128,1.25,2012-12-20,Thursday,6,12,2012,,,,,0
123,1.25,2012-12-21,Friday,7,12,2012,,,,,0
157,1.25,2012-12-22,Saturday,1,12,2012,,,,,0
200,1.25,2012-12-23,Sunday,2,12,2012,,,,,0
253,1.25,2012-12-24,Monday,3,12,2012,,,,,0
0,1.25,2012-12-25,Tuesday,4,12,2012,Christmas,National,,,0
1,1.25,2012-12-26,Wednesday,5,12,2012,,,,,0
114,1.25,2012-12-27,Thursday,6,12,2012,,,,,0
147,1.25,2012-12-28,Friday,7,12,2012,,,,,0
194,1.25,2012-12-29,Saturday,1,12,2012,,,,,0
200,1.25,2012-12-30,Sunday,2,12,2012,,,,,0
225,1.25,2012-12-31,Monday,3,12,2012,,,,,0
82,1.25,2013-01-01,Tuesday,4,1,2013,NewYear,National,,,0
122,1.25,2013-01-02,Wednesday,5,1,2013,,,,,1
94,1.25,2013-01-03,Thursday,6,1,2013,,,,,1
132,1.25,2013-01-04,Friday,7,1,2013,,,,,0
174,1.25,2013-01-05,Saturday,1,1,2013,,,,,1
167,1.25,2013-01-06,Sunday,2,1,2013,,,,,1
93,1.25,2013-01-07,Monday,3,1,2013,OrthodoxChristmas,Religious,,,0
95,1.25,2013-01-08,Tuesday,4,1,2013,,,,,1
109,1.25,2013-01-09,Wednesday,5,1,2013,,,,,1
123,1.25,2013-01-10,Thursday,6,1,2013,,,,,0
153,1.25,2013-01-11,Friday,7,1,2013,,,,,1
211,1.25,2013-01-12,Saturday,1,1,2013,,,,,1
135,1.25,2013-01-13,Sunday,2,1,2013,,,,,0
79,1.25,2013-01-14,Monday,3,1,2013,,,,,1
84,1.25,2013-01-15,Tuesday,4,1,2013,,,,,1
108,1.25,2013-01-16,Wednesday,5,1,2013,,,,,0
81,1.25,2013-01-17,Thursday,6,1,2013,,,,,0
118,1.25,2013-01-18,Friday,7,1,2013,,,,,0
229,1.25,2013-01-19,Saturday,1,1,2013,,,,,0
159,1.25,2013-01-20,Sunday,2,1,2013,,,,,0
110,1.25,2013-01-21,Monday,3,1,2013,MartinLutherKingDay,National,,,0
112,1.25,2013-01-22,Tuesday,4,1,2013,,,,,0
67,1.25,2013-01-23,Wednesday,5,1,2013,,,,,0
125,1.25,2013-01-24,Thursday,6,1,2013,,,,,0
111,1.25,2013-01-25,Friday,7,1,2013,,,,,0
217,1.25,2013-01-26,Saturday,1,1,2013,,,,,0
130,1.25,2013-01-27,Sunday,2,1,2013,,,,,0
86,1.25,2013-01-28,Monday,3,1,2013,,,,,0
78,1.25,2013-01-29,Tuesday,4,1,2013,,,,,0
85,1.25,2013-01-30,Wednesday,5,1,2013,,,,,0
91,1.25,2013-01-31,Thursday,6,1,2013,,,,,0
98,1.25,2013-02-01,Friday,7,2,2013,,,,,0
240,1.25,2013-02-02,Saturday,1,2,2013,,,,,1
184,1.25,2013-02-03,Sunday,2,2,2013,SuperBowl,Sporting,,,1
106,1.25,2013-02-04,Monday,3,2,2013,,,,,0
105,1.25,2013-02-05,Tuesday,4,2,2013,,,,,1
87,1.25,2013-02-06,Wednesday,5,2,2013,,,,,1
72,1.25,2013-02-07,Thursday,6,2,2013,,,,,0
158,1.25,2013-02-08,Friday,7,2,2013,,,,,1
266,1.25,2013-02-09,Saturday,1,2,2013,,,,,1
108,1.25,2013-02-10,Sunday,2,2,2013,,,,,0
70,1.25,2013-02-11,Monday,3,2,2013,,,,,1
115,1.25,2013-02-12,Tuesday,4,2,2013,,,,,1
104,1.25,2013-02-13,Wednesday,5,2,2013,LentStart,Religious,,,0
66,1.25,2013-02-14,Thursday,6,2,2013,ValentinesDay,Cultural,,,1
115,1.25,2013-02-15,Friday,7,2,2013,,,,,1
170,1.25,2013-02-16,Saturday,1,2,2013,,,,,0
169,1.25,2013-02-17,Sunday,2,2,2013,,,,,0
60,1.25,2013-02-18,Monday,3,2,2013,PresidentsDay,National,,,0
50,1.25,2013-02-19,Tuesday,4,2,2013,,,,,0
68,1.25,2013-02-20,Wednesday,5,2,2013,LentWeek2,Religious,,,0
60,1.25,2013-02-21,Thursday,6,2,2013,,,,,0
105,1.25,2013-02-22,Friday,7,2,2013,,,,,0
148,1.25,2013-02-23,Saturday,1,2,2013,,,,,0
163,1.25,2013-02-24,Sunday,2,2,2013,Purim End,Religious,,,0
81,1.25,2013-02-25,Monday,3,2,2013,,,,,0
69,1.25,2013-02-26,Tuesday,4,2,2013,,,,,0
64,1.25,2013-02-27,Wednesday,5,2,2013,,,,,0
76,1.25,2013-02-28,Thursday,6,2,2013,,,,,0
137,1.25,2013-03-01,Friday,7,3,2013,,,,,0
177,1.25,2013-03-02,Saturday,1,3,2013,,,,,1
137,1.25,2013-03-03,Sunday,2,3,2013,,,,,1
115,1.25,2013-03-04,Monday,3,3,2013,,,,,0
84,1.25,2013-03-05,Tuesday,4,3,2013,,,,,1
69,1.25,2013-03-06,Wednesday,5,3,2013,,,,,1
56,1.25,2013-03-07,Thursday,6,3,2013,,,,,0
120,1.25,2013-03-08,Friday,7,3,2013,,,,,1
140,1.25,2013-03-09,Saturday,1,3,2013,,,,,1
144,1.25,2013-03-10,Sunday,2,3,2013,,,,,0
100,1.25,2013-03-11,Monday,3,3,2013,,,,,1
89,1.25,2013-03-12,Tuesday,4,3,2013,,,,,1
75,1.25,2013-03-13,Wednesday,5,3,2013,,,,,0
71,1.25,2013-03-14,Thursday,6,3,2013,,,,,1
110,1.25,2013-03-15,Friday,7,3,2013,,,,,1
146,1.25,2013-03-16,Saturday,1,3,2013,,,,,0
84,1.25,2013-03-17,Sunday,2,3,2013,StPatricksDay,Cultural,,,0
68,1.25,2013-03-18,Monday,3,3,2013,,,,,0
101,1.25,2013-03-19,Tuesday,4,3,2013,,,,,0
63,1.25,2013-03-20,Wednesday,5,3,2013,,,,,0
69,1.25,2013-03-21,Thursday,6,3,2013,,,,,0
120,1.25,2013-03-22,Friday,7,3,2013,,,,,0
155,1.25,2013-03-23,Saturday,1,3,2013,,,,,0
111,1.25,2013-03-24,Sunday,2,3,2013,,,,,0
71,1.25,2013-03-25,Monday,3,3,2013,,,,,0
66,1.25,2013-03-26,Tuesday,4,3,2013,,,,,0
63,1.25,2013-03-27,Wednesday,5,3,2013,,,,,0
48,1.25,2013-03-28,Thursday,6,3,2013,,,,,0
120,1.25,2013-03-29,Friday,7,3,2013,,,,,0
167,1.25,2013-03-30,Saturday,1,3,2013,,,,,0
108,1.25,2013-03-31,Sunday,2,3,2013,Easter,Cultural,,,0
62,1.25,2013-04-01,Monday,3,4,2013,,,,,0
122,1.25,2013-04-02,Tuesday,4,4,2013,Pesach End,Religious,,,1
105,1.25,2013-04-03,Wednesday,5,4,2013,,,,,1
69,1.25,2013-04-04,Thursday,6,4,2013,,,,,0
128,1.25,2013-04-05,Friday,7,4,2013,,,,,1
75,1.38,2013-04-06,Saturday,1,4,2013,,,,,1
109,1.38,2013-04-07,Sunday,2,4,2013,,,,,0
56,1.38,2013-04-08,Monday,3,4,2013,,,,,1
62,1.38,2013-04-09,Tuesday,4,4,2013,,,,,1
47,1.38,2013-04-10,Wednesday,5,4,2013,,,,,0
59,1.38,2013-04-11,Thursday,6,4,2013,,,,,1
111,1.38,2013-04-12,Friday,7,4,2013,,,,,1
120,1.38,2013-04-13,Saturday,1,4,2013,,,,,0
55,1.38,2013-04-14,Sunday,2,4,2013,,,,,1
58,1.38,2013-04-15,Monday,3,4,2013,,,,,1
50,1.38,2013-04-16,Tuesday,4,4,2013,,,,,0
47,1.38,2013-04-17,Wednesday,5,4,2013,,,,,0
29,1.38,2013-04-18,Thursday,6,4,2013,,,,,0
86,1.38,2013-04-19,Friday,7,4,2013,,,,,0
72,1.38,2013-04-20,Saturday,1,4,2013,,,,,0
58,1.38,2013-04-21,Sunday,2,4,2013,,,,,0
36,1.38,2013-04-22,Monday,3,4,2013,,,,,0
50,1.38,2013-04-23,Tuesday,4,4,2013,,,,,0
50,1.38,2013-04-24,Wednesday,5,4,2013,,,,,0
73,1.38,2013-04-25,Thursday,6,4,2013,,,,,0
78,1.38,2013-04-26,Friday,7,4,2013,,,,,0
94,1.38,2013-04-27,Saturday,1,4,2013,,,,,0
58,1.38,2013-04-28,Sunday,2,4,2013,,,,,0
35,1.38,2013-04-29,Monday,3,4,2013,,,,,0
26,1.38,2013-04-30,Tuesday,4,4,2013,,,,,0
49,1.38,2013-05-01,Wednesday,5,5,2013,,,,,0
67,1.38,2013-05-02,Thursday,6,5,2013,,,,,1
77,1.38,2013-05-03,Friday,7,5,2013,,,,,1
65,1.38,2013-05-04,Saturday,1,5,2013,,,,,0
77,1.38,2013-05-05,Sunday,2,5,2013,OrthodoxEaster,Religious,Cinco De Mayo,Cultural,1
64,1.38,2013-05-06,Monday,3,5,2013,,,,,1
108,1.38,2013-05-07,Tuesday,4,5,2013,,,,,0
50,1.38,2013-05-08,Wednesday,5,5,2013,,,,,1
76,1.38,2013-05-09,Thursday,6,5,2013,,,,,1
107,1.38,2013-05-10,Friday,7,5,2013,,,,,0
114,1.38,2013-05-11,Saturday,1,5,2013,,,,,1
96,1.38,2013-05-12,Sunday,2,5,2013,Mother's day,Cultural,,,1
39,1.38,2013-05-13,Monday,3,5,2013,,,,,0
55,1.38,2013-05-14,Tuesday,4,5,2013,,,,,1
44,1.38,2013-05-15,Wednesday,5,5,2013,,,,,1
67,1.38,2013-05-16,Thursday,6,5,2013,,,,,0
94,1.38,2013-05-17,Friday,7,5,2013,,,,,0
113,1.38,2013-05-18,Saturday,1,5,2013,,,,,0
80,1.38,2013-05-19,Sunday,2,5,2013,,,,,0
51,1.38,2013-05-20,Monday,3,5,2013,,,,,0
52,1.38,2013-05-21,Tuesday,4,5,2013,,,,,0
21,1.38,2013-05-22,Wednesday,5,5,2013,,,,,0
51,1.38,2013-05-23,Thursday,6,5,2013,,,,,0
87,1.38,2013-05-24,Friday,7,5,2013,,,,,0
101,1.38,2013-05-25,Saturday,1,5,2013,,,,,0
78,1.38,2013-05-26,Sunday,2,5,2013,,,,,0
75,1.38,2013-05-27,Monday,3,5,2013,MemorialDay,National,,,0
51,1.38,2013-05-28,Tuesday,4,5,2013,,,,,0
32,1.38,2013-05-29,Wednesday,5,5,2013,,,,,0
60,1.38,2013-05-30,Thursday,6,5,2013,,,,,0
86,1.38,2013-05-31,Friday,7,5,2013,,,,,0
69,1.38,2013-06-01,Saturday,1,6,2013,,,,,0
80,1.38,2013-06-02,Sunday,2,6,2013,,,,,1
51,1.38,2013-06-03,Monday,3,6,2013,,,,,1
69,1.38,2013-06-04,Tuesday,4,6,2013,,,,,0
50,1.38,2013-06-05,Wednesday,5,6,2013,,,,,1
50,1.38,2013-06-06,Thursday,6,6,2013,NBAFinalsStart,Sporting,,,1
79,1.38,2013-06-07,Friday,7,6,2013,,,,,0
132,1.38,2013-06-08,Saturday,1,6,2013,,,,,1
71,1.38,2013-06-09,Sunday,2,6,2013,,,,,1
58,1.38,2013-06-10,Monday,3,6,2013,,,,,0
53,1.38,2013-06-11,Tuesday,4,6,2013,,,,,1
33,1.38,2013-06-12,Wednesday,5,6,2013,,,,,1
67,1.38,2013-06-13,Thursday,6,6,2013,,,,,0
101,1.38,2013-06-14,Friday,7,6,2013,,,,,1
100,1.38,2013-06-15,Saturday,1,6,2013,,,,,1
72,1.38,2013-06-16,Sunday,2,6,2013,Father's day,Cultural,,,0
46,1.38,2013-06-17,Monday,3,6,2013,,,,,0
40,1.38,2013-06-18,Tuesday,4,6,2013,,,,,0
39,1.38,2013-06-19,Wednesday,5,6,2013,,,,,0
72,1.38,2013-06-20,Thursday,6,6,2013,NBAFinalsEnd,Sporting,,,0
66,1.38,2013-06-21,Friday,7,6,2013,,,,,0
77,1.38,2013-06-22,Saturday,1,6,2013,,,,,0
81,1.38,2013-06-23,Sunday,2,6,2013,,,,,0
53,1.38,2013-06-24,Monday,3,6,2013,,,,,0
20,1.38,2013-06-25,Tuesday,4,6,2013,,,,,0
45,1.38,2013-06-26,Wednesday,5,6,2013,,,,,0
47,1.38,2013-06-27,Thursday,6,6,2013,,,,,0
57,1.38,2013-06-28,Friday,7,6,2013,,,,,0
85,1.38,2013-06-29,Saturday,1,6,2013,,,,,0
65,1.38,2013-06-30,Sunday,2,6,2013,,,,,0
45,1.38,2013-07-01,Monday,3,7,2013,,,,,0
41,1.38,2013-07-02,Tuesday,4,7,2013,,,,,1
79,1.38,2013-07-03,Wednesday,5,7,2013,,,,,1
106,1.38,2013-07-04,Thursday,6,7,2013,IndependenceDay,National,,,0
56,1.38,2013-07-05,Friday,7,7,2013,,,,,1
78,1.38,2013-07-06,Saturday,1,7,2013,,,,,1
56,1.38,2013-07-07,Sunday,2,7,2013,,,,,0
38,1.38,2013-07-08,Monday,3,7,2013,,,,,1
69,1.38,2013-07-09,Tuesday,4,7,2013,Ramadan starts,Religious,,,1
77,1.38,2013-07-10,Wednesday,5,7,2013,,,,,0
59,1.38,2013-07-11,Thursday,6,7,2013,,,,,1
61,1.38,2013-07-12,Friday,7,7,2013,,,,,1
100,1.38,2013-07-13,Saturday,1,7,2013,,,,,0
71,1.38,2013-07-14,Sunday,2,7,2013,,,,,1
44,1.38,2013-07-15,Monday,3,7,2013,,,,,1
35,1.38,2013-07-16,Tuesday,4,7,2013,,,,,0
43,1.38,2013-07-17,Wednesday,5,7,2013,,,,,0
72,1.38,2013-07-18,Thursday,6,7,2013,,,,,0
78,1.38,2013-07-19,Friday,7,7,2013,,,,,0
56,1.38,2013-07-20,Saturday,1,7,2013,,,,,0
81,1.38,2013-07-21,Sunday,2,7,2013,,,,,0
39,1.38,2013-07-22,Monday,3,7,2013,,,,,0
64,1.38,2013-07-23,Tuesday,4,7,2013,,,,,0
30,1.38,2013-07-24,Wednesday,5,7,2013,,,,,0
55,1.38,2013-07-25,Thursday,6,7,2013,,,,,0
85,1.38,2013-07-26,Friday,7,7,2013,,,,,0
99,1.38,2013-07-27,Saturday,1,7,2013,,,,,0
92,1.38,2013-07-28,Sunday,2,7,2013,,,,,0
38,1.38,2013-07-29,Monday,3,7,2013,,,,,0
37,1.38,2013-07-30,Tuesday,4,7,2013,,,,,0
57,1.38,2013-07-31,Wednesday,5,7,2013,,,,,0
60,1.38,2013-08-01,Thursday,6,8,2013,,,,,0
89,1.38,2013-08-02,Friday,7,8,2013,,,,,1
92,1.38,2013-08-03,Saturday,1,8,2013,,,,,1
99,1.38,2013-08-04,Sunday,2,8,2013,,,,,0
90,1.38,2013-08-05,Monday,3,8,2013,,,,,1
61,1.38,2013-08-06,Tuesday,4,8,2013,,,,,1
41,1.38,2013-08-07,Wednesday,5,8,2013,,,,,0
87,1.38,2013-08-08,Thursday,6,8,2013,Eid al-Fitr,Religious,,,1
139,1.38,2013-08-09,Friday,7,8,2013,,,,,1
78,1.38,2013-08-10,Saturday,1,8,2013,,,,,0
81,1.38,2013-08-11,Sunday,2,8,2013,,,,,1
55,1.38,2013-08-12,Monday,3,8,2013,,,,,1
54,1.38,2013-08-13,Tuesday,4,8,2013,,,,,0
36,1.38,2013-08-14,Wednesday,5,8,2013,,,,,1
66,1.38,2013-08-15,Thursday,6,8,2013,,,,,1
86,1.38,2013-08-16,Friday,7,8,2013,,,,,0
59,1.38,2013-08-17,Saturday,1,8,2013,,,,,0
60,1.38,2013-08-18,Sunday,2,8,2013,,,,,0
50,1.38,2013-08-19,Monday,3,8,2013,,,,,0
57,1.38,2013-08-20,Tuesday,4,8,2013,,,,,0
44,1.38,2013-08-21,Wednesday,5,8,2013,,,,,0
50,1.38,2013-08-22,Thursday,6,8,2013,,,,,0
0,1.38,2013-08-23,Friday,7,8,2013,,,,,0
104,1.0,2013-08-24,Saturday,1,8,2013,,,,,0
130,1.0,2013-08-25,Sunday,2,8,2013,,,,,0
114,1.0,2013-08-26,Monday,3,8,2013,,,,,0
232,1.0,2013-08-27,Tuesday,4,8,2013,,,,,0
181,1.0,2013-08-28,Wednesday,5,8,2013,,,,,0
165,1.0,2013-08-29,Thursday,6,8,2013,,,,,0
354,1.0,2013-08-30,Friday,7,8,2013,,,,,0
333,1.0,2013-08-31,Saturday,1,8,2013,,,,,0
316,1.0,2013-09-01,Sunday,2,9,2013,,,,,0
48,1.0,2013-09-02,Monday,3,9,2013,LaborDay,National,,,1
199,1.0,2013-09-03,Tuesday,4,9,2013,,,,,1
250,1.0,2013-09-04,Wednesday,5,9,2013,,,,,0
283,1.0,2013-09-05,Thursday,6,9,2013,,,,,1
173,1.0,2013-09-06,Friday,7,9,2013,,,,,1
260,1.0,2013-09-07,Saturday,1,9,2013,,,,,0
259,1.0,2013-09-08,Sunday,2,9,2013,,,,,1
331,1.0,2013-09-09,Monday,3,9,2013,,,,,1
175,1.0,2013-09-10,Tuesday,4,9,2013,,,,,0
173,1.0,2013-09-11,Wednesday,5,9,2013,,,,,1
203,1.0,2013-09-12,Thursday,6,9,2013,,,,,1
187,1.0,2013-09-13,Friday,7,9,2013,,,,,0
275,1.0,2013-09-14,Saturday,1,9,2013,,,,,1
195,1.0,2013-09-15,Sunday,2,9,2013,,,,,1
188,1.0,2013-09-16,Monday,3,9,2013,,,,,0
142,1.0,2013-09-17,Tuesday,4,9,2013,,,,,0
201,1.0,2013-09-18,Wednesday,5,9,2013,,,,,0
157,1.0,2013-09-19,Thursday,6,9,2013,,,,,0
197,1.0,2013-09-20,Friday,7,9,2013,,,,,0
253,1.0,2013-09-21,Saturday,1,9,2013,,,,,0
210,1.0,2013-09-22,Sunday,2,9,2013,,,,,0
168,1.0,2013-09-23,Monday,3,9,2013,,,,,0
187,1.0,2013-09-24,Tuesday,4,9,2013,,,,,0
147,1.0,2013-09-25,Wednesday,5,9,2013,,,,,0
127,1.0,2013-09-26,Thursday,6,9,2013,,,,,0
181,1.0,2013-09-27,Friday,7,9,2013,,,,,0
189,1.0,2013-09-28,Saturday,1,9,2013,,,,,0
176,1.0,2013-09-29,Sunday,2,9,2013,,,,,0
130,1.0,2013-09-30,Monday,3,9,2013,,,,,0
77,1.0,2013-10-01,Tuesday,4,10,2013,,,,,0
164,1.0,2013-10-02,Wednesday,5,10,2013,,,,,1
117,1.0,2013-10-03,Thursday,6,10,2013,,,,,1
209,1.0,2013-10-04,Friday,7,10,2013,,,,,0
200,1.0,2013-10-05,Saturday,1,10,2013,,,,,1
163,1.0,2013-10-06,Sunday,2,10,2013,,,,,1
144,1.0,2013-10-07,Monday,3,10,2013,,,,,0
82,1.0,2013-10-08,Tuesday,4,10,2013,,,,,1
101,1.0,2013-10-09,Wednesday,5,10,2013,,,,,1
100,1.0,2013-10-10,Thursday,6,10,2013,,,,,0
155,1.0,2013-10-11,Friday,7,10,2013,,,,,1
246,1.0,2013-10-12,Saturday,1,10,2013,,,,,1
145,1.0,2013-10-13,Sunday,2,10,2013,,,,,0
145,1.0,2013-10-14,Monday,3,10,2013,ColumbusDay,National,,,1
26,1.0,2013-10-15,Tuesday,4,10,2013,EidAlAdha,Religious,,,1
10,1.0,2013-10-16,Wednesday,5,10,2013,,,,,0
24,1.0,2013-10-17,Thursday,6,10,2013,,,,,0
21,1.0,2013-10-18,Friday,7,10,2013,,,,,0
140,1.38,2013-10-19,Saturday,1,10,2013,,,,,0
183,1.38,2013-10-20,Sunday,2,10,2013,,,,,0
47,1.38,2013-10-21,Monday,3,10,2013,,,,,0
45,1.38,2013-10-22,Tuesday,4,10,2013,,,,,0
24,1.38,2013-10-23,Wednesday,5,10,2013,,,,,0
45,1.38,2013-10-24,Thursday,6,10,2013,,,,,0
65,1.38,2013-10-25,Friday,7,10,2013,,,,,0
103,1.38,2013-10-26,Saturday,1,10,2013,,,,,0
79,1.38,2013-10-27,Sunday,2,10,2013,,,,,0
51,1.38,2013-10-28,Monday,3,10,2013,,,,,0
48,1.38,2013-10-29,Tuesday,4,10,2013,,,,,0
38,1.38,2013-10-30,Wednesday,5,10,2013,,,,,0
71,1.38,2013-10-31,Thursday,6,10,2013,Halloween,Cultural,,,0
107,1.38,2013-11-01,Friday,7,11,2013,,,,,0
152,1.38,2013-11-02,Saturday,1,11,2013,,,,,1
135,1.38,2013-11-03,Sunday,2,11,2013,,,,,1
87,1.38,2013-11-04,Monday,3,11,2013,,,,,0
52,1.38,2013-11-05,Tuesday,4,11,2013,,,,,1
60,1.38,2013-11-06,Wednesday,5,11,2013,,,,,1
53,1.38,2013-11-07,Thursday,6,11,2013,,,,,0
91,1.38,2013-11-08,Friday,7,11,2013,,,,,1
142,1.38,2013-11-09,Saturday,1,11,2013,,,,,1
96,1.38,2013-11-10,Sunday,2,11,2013,,,,,0
17,1.38,2013-11-11,Monday,3,11,2013,VeteransDay,National,,,1
0,1.38,2013-11-12,Tuesday,4,11,2013,,,,,1
0,1.38,2013-11-13,Wednesday,5,11,2013,,,,,0
0,1.38,2013-11-14,Thursday,6,11,2013,,,,,1
0,1.38,2013-11-15,Friday,7,11,2013,,,,,1
0,1.38,2013-11-16,Saturday,1,11,2013,,,,,0
0,1.38,2013-11-17,Sunday,2,11,2013,,,,,0
0,1.38,2013-11-18,Monday,3,11,2013,,,,,0
0,1.38,2013-11-19,Tuesday,4,11,2013,,,,,0
0,1.38,2013-11-20,Wednesday,5,11,2013,,,,,0
0,1.38,2013-11-21,Thursday,6,11,2013,,,,,0
0,1.38,2013-11-22,Friday,7,11,2013,,,,,0
0,1.38,2013-11-23,Saturday,1,11,2013,,,,,0
0,1.38,2013-11-24,Sunday,2,11,2013,,,,,0
0,1.38,2013-11-25,Monday,3,11,2013,,,,,0
0,1.38,2013-11-26,Tuesday,4,11,2013,,,,,0
0,1.38,2013-11-27,Wednesday,5,11,2013,,,,,0
0,1.38,2013-11-28,Thursday,6,11,2013,Thanksgiving,National,,,0
0,1.38,2013-11-29,Friday,7,11,2013,,,,,0
0,1.0,2013-11-30,Saturday,1,11,2013,,,,,0
212,1.0,2013-12-01,Sunday,2,12,2013,,,,,0
192,1.0,2013-12-02,Monday,3,12,2013,,,,,1
155,1.0,2013-12-03,Tuesday,4,12,2013,,,,,1
181,1.0,2013-12-04,Wednesday,5,12,2013,,,,,0
192,1.0,2013-12-05,Thursday,6,12,2013,Chanukah End,Religious,,,1
184,1.0,2013-12-06,Friday,7,12,2013,,,,,1
217,1.0,2013-12-07,Saturday,1,12,2013,,,,,0
2,1.0,2013-12-08,Sunday,2,12,2013,,,,,1
0,1.0,2013-12-09,Monday,3,12,2013,,,,,1
0,1.0,2013-12-10,Tuesday,4,12,2013,,,,,0
0,1.0,2013-12-11,Wednesday,5,12,2013,,,,,1
0,1.0,2013-12-12,Thursday,6,12,2013,,,,,1
0,1.0,2013-12-13,Friday,7,12,2013,,,,,0
0,1.0,2013-12-14,Saturday,1,12,2013,,,,,1
0,1.0,2013-12-15,Sunday,2,12,2013,,,,,1
0,1.0,2013-12-16,Monday,3,12,2013,,,,,0
0,1.0,2013-12-17,Tuesday,4,12,2013,,,,,0
0,1.0,2013-12-18,Wednesday,5,12,2013,,,,,0
0,1.0,2013-12-19,Thursday,6,12,2013,,,,,0
0,1.0,2013-12-20,Friday,7,12,2013,,,,,0
0,1.38,2013-12-21,Saturday,1,12,2013,,,,,0
0,1.38,2013-12-22,Sunday,2,12,2013,,,,,0
0,1.38,2013-12-23,Monday,3,12,2013,,,,,0
0,1.38,2013-12-24,Tuesday,4,12,2013,,,,,0
0,1.38,2013-12-25,Wednesday,5,12,2013,Christmas,National,,,0
74,1.38,2013-12-26,Thursday,6,12,2013,,,,,0
118,1.38,2013-12-27,Friday,7,12,2013,,,,,0
99,1.38,2013-12-28,Saturday,1,12,2013,,,,,0
137,1.38,2013-12-29,Sunday,2,12,2013,,,,,0
142,1.38,2013-12-30,Monday,3,12,2013,,,,,0
239,1.38,2013-12-31,Tuesday,4,12,2013,,,,,0
74,1.38,2014-01-01,Wednesday,5,1,2014,NewYear,National,,,0
79,1.38,2014-01-02,Thursday,6,1,2014,,,,,1
93,1.38,2014-01-03,Friday,7,1,2014,,,,,1
161,1.38,2014-01-04,Saturday,1,1,2014,,,,,0
134,1.38,2014-01-05,Sunday,2,1,2014,,,,,1
45,1.38,2014-01-06,Monday,3,1,2014,,,,,1
82,1.38,2014-01-07,Tuesday,4,1,2014,OrthodoxChristmas,Religious,,,0
56,1.38,2014-01-08,Wednesday,5,1,2014,,,,,1
102,1.38,2014-01-09,Thursday,6,1,2014,,,,,1
61,1.38,2014-01-10,Friday,7,1,2014,,,,,0
149,1.38,2014-01-11,Saturday,1,1,2014,,,,,1
94,1.38,2014-01-12,Sunday,2,1,2014,,,,,1
42,1.38,2014-01-13,Monday,3,1,2014,,,,,0
46,1.38,2014-01-14,Tuesday,4,1,2014,,,,,1
70,1.38,2014-01-15,Wednesday,5,1,2014,,,,,1
38,1.38,2014-01-16,Thursday,6,1,2014,,,,,0
88,1.38,2014-01-17,Friday,7,1,2014,,,,,0
121,1.38,2014-01-18,Saturday,1,1,2014,,,,,0
110,1.38,2014-01-19,Sunday,2,1,2014,,,,,0
50,1.38,2014-01-20,Monday,3,1,2014,MartinLutherKingDay,National,,,0
48,1.38,2014-01-21,Tuesday,4,1,2014,,,,,0
52,1.38,2014-01-22,Wednesday,5,1,2014,,,,,0
12,1.38,2014-01-23,Thursday,6,1,2014,,,,,0
0,1.38,2014-01-24,Friday,7,1,2014,,,,,0
144,1.44,2014-01-25,Saturday,1,1,2014,,,,,0
92,1.44,2014-01-26,Sunday,2,1,2014,,,,,0
49,1.44,2014-01-27,Monday,3,1,2014,,,,,0
33,1.44,2014-01-28,Tuesday,4,1,2014,,,,,0
49,1.44,2014-01-29,Wednesday,5,1,2014,,,,,0
44,1.44,2014-01-30,Thursday,6,1,2014,,,,,0
107,1.44,2014-01-31,Friday,7,1,2014,,,,,0
121,1.44,2014-02-01,Saturday,1,2,2014,,,,,0
94,1.44,2014-02-02,Sunday,2,2,2014,SuperBowl,Sporting,,,1
69,1.44,2014-02-03,Monday,3,2,2014,,,,,1
64,1.44,2014-02-04,Tuesday,4,2,2014,,,,,0
51,1.44,2014-02-05,Wednesday,5,2,2014,,,,,1
46,1.44,2014-02-06,Thursday,6,2,2014,,,,,1
0,1.44,2014-02-07,Friday,7,2,2014,,,,,0
0,1.44,2014-02-08,Saturday,1,2,2014,,,,,1
0,1.44,2014-02-09,Sunday,2,2,2014,,,,,1
0,1.44,2014-02-10,Monday,3,2,2014,,,,,0
0,1.44,2014-02-11,Tuesday,4,2,2014,,,,,1
0,1.44,2014-02-12,Wednesday,5,2,2014,,,,,1
0,1.44,2014-02-13,Thursday,6,2,2014,,,,,0
0,1.44,2014-02-14,Friday,7,2,2014,ValentinesDay,Cultural,,,1
0,1.44,2014-02-15,Saturday,1,2,2014,,,,,1
0,1.44,2014-02-16,Sunday,2,2,2014,,,,,0
0,1.44,2014-02-17,Monday,3,2,2014,PresidentsDay,National,,,0
0,1.44,2014-02-18,Tuesday,4,2,2014,,,,,0
0,1.44,2014-02-19,Wednesday,5,2,2014,,,,,0
0,1.44,2014-02-20,Thursday,6,2,2014,,,,,0
0,1.44,2014-02-21,Friday,7,2,2014,,,,,0
0,1.44,2014-02-22,Saturday,1,2,2014,,,,,0
0,1.44,2014-02-23,Sunday,2,2,2014,,,,,0
0,1.44,2014-02-24,Monday,3,2,2014,,,,,0
0,1.44,2014-02-25,Tuesday,4,2,2014,,,,,0
0,1.44,2014-02-26,Wednesday,5,2,2014,,,,,0
0,1.44,2014-02-27,Thursday,6,2,2014,,,,,0
0,1.44,2014-02-28,Friday,7,2,2014,,,,,0
0,1.44,2014-03-01,Saturday,1,3,2014,,,,,0
0,1.44,2014-03-02,Sunday,2,3,2014,,,,,1
0,1.44,2014-03-03,Monday,3,3,2014,,,,,1
0,1.44,2014-03-04,Tuesday,4,3,2014,,,,,0
0,1.44,2014-03-05,Wednesday,5,3,2014,LentStart,Religious,,,1
0,1.44,2014-03-06,Thursday,6,3,2014,,,,,1
0,1.44,2014-03-07,Friday,7,3,2014,,,,,0
0,1.44,2014-03-08,Saturday,1,3,2014,,,,,1
184,1.44,2014-03-09,Sunday,2,3,2014,,,,,1
65,1.44,2014-03-10,Monday,3,3,2014,,,,,0
68,1.44,2014-03-11,Tuesday,4,3,2014,,,,,1
52,1.44,2014-03-12,Wednesday,5,3,2014,LentWeek2,Religious,,,1
33,1.44,2014-03-13,Thursday,6,3,2014,,,,,0
77,1.44,2014-03-14,Friday,7,3,2014,,,,,1
118,1.44,2014-03-15,Saturday,1,3,2014,,,,,1
76,1.44,2014-03-16,Sunday,2,3,2014,Purim End,Religious,,,0
31,1.44,2014-03-17,Monday,3,3,2014,StPatricksDay,Cultural,,,0
60,1.44,2014-03-18,Tuesday,4,3,2014,,,,,0
51,1.44,2014-03-19,Wednesday,5,3,2014,,,,,0
37,1.44,2014-03-20,Thursday,6,3,2014,,,,,0
72,1.44,2014-03-21,Friday,7,3,2014,,,,,0
111,1.44,2014-03-22,Saturday,1,3,2014,,,,,0
88,1.44,2014-03-23,Sunday,2,3,2014,,,,,0
32,1.44,2014-03-24,Monday,3,3,2014,,,,,0
39,1.44,2014-03-25,Tuesday,4,3,2014,,,,,0
39,1.44,2014-03-26,Wednesday,5,3,2014,,,,,0
55,1.44,2014-03-27,Thursday,6,3,2014,,,,,0
100,1.44,2014-03-28,Friday,7,3,2014,,,,,0
122,1.44,2014-03-29,Saturday,1,3,2014,,,,,0
104,1.44,2014-03-30,Sunday,2,3,2014,,,,,0
48,1.44,2014-03-31,Monday,3,3,2014,,,,,0
29,1.44,2014-04-01,Tuesday,4,4,2014,,,,,0
45,1.44,2014-04-02,Wednesday,5,4,2014,,,,,1
51,1.44,2014-04-03,Thursday,6,4,2014,,,,,1
55,1.44,2014-04-04,Friday,7,4,2014,,,,,0
98,1.44,2014-04-05,Saturday,1,4,2014,,,,,1
70,1.44,2014-04-06,Sunday,2,4,2014,,,,,1
49,1.44,2014-04-07,Monday,3,4,2014,,,,,0
23,1.44,2014-04-08,Tuesday,4,4,2014,,,,,1
65,1.44,2014-04-09,Wednesday,5,4,2014,,,,,1
31,1.44,2014-04-10,Thursday,6,4,2014,,,,,0
72,1.44,2014-04-11,Friday,7,4,2014,,,,,1
86,1.44,2014-04-12,Saturday,1,4,2014,,,,,1
68,1.44,2014-04-13,Sunday,2,4,2014,,,,,0
60,1.44,2014-04-14,Monday,3,4,2014,,,,,1
39,1.44,2014-04-15,Tuesday,4,4,2014,,,,,1
53,1.44,2014-04-16,Wednesday,5,4,2014,,,,,0
39,1.44,2014-04-17,Thursday,6,4,2014,,,,,0
47,1.44,2014-04-18,Friday,7,4,2014,,,,,0
97,1.44,2014-04-19,Saturday,1,4,2014,,,,,0
97,1.44,2014-04-20,Sunday,2,4,2014,Easter,Cultural,OrthodoxEaster,Religious,0
54,1.44,2014-04-21,Monday,3,4,2014,,,,,0
35,1.44,2014-04-22,Tuesday,4,4,2014,Pesach End,Religious,,,0
49,1.44,2014-04-23,Wednesday,5,4,2014,,,,,0
32,1.44,2014-04-24,Thursday,6,4,2014,,,,,0
50,1.44,2014-04-25,Friday,7,4,2014,,,,,0
0,1.24,2014-04-26,Saturday,1,4,2014,,,,,0
0,1.24,2014-04-27,Sunday,2,4,2014,,,,,0
30,1.24,2014-04-28,Monday,3,4,2014,,,,,0
56,1.24,2014-04-29,Tuesday,4,4,2014,,,,,0
29,1.24,2014-04-30,Wednesday,5,4,2014,,,,,0
25,1.24,2014-05-01,Thursday,6,5,2014,,,,,0
110,1.24,2014-05-02,Friday,7,5,2014,,,,,1
180,1.24,2014-05-03,Saturday,1,5,2014,,,,,1
62,1.24,2014-05-04,Sunday,2,5,2014,,,,,0
50,1.24,2014-05-05,Monday,3,5,2014,Cinco De Mayo,Cultural,,,1
35,1.24,2014-05-06,Tuesday,4,5,2014,,,,,1
54,1.24,2014-05-07,Wednesday,5,5,2014,,,,,0
49,1.24,2014-05-08,Thursday,6,5,2014,,,,,1
104,1.24,2014-05-09,Friday,7,5,2014,,,,,1
81,1.24,2014-05-10,Saturday,1,5,2014,,,,,0
85,1.24,2014-05-11,Sunday,2,5,2014,Mother's day,Cultural,,,1
29,1.24,2014-05-12,Monday,3,5,2014,,,,,1
0,1.24,2014-05-13,Tuesday,4,5,2014,,,,,0
0,1.24,2014-05-14,Wednesday,5,5,2014,,,,,1
0,1.24,2014-05-15,Thursday,6,5,2014,,,,,1
0,1.24,2014-05-16,Friday,7,5,2014,,,,,0
0,1.24,2014-05-17,Saturday,1,5,2014,,,,,0
0,1.24,2014-05-18,Sunday,2,5,2014,,,,,0
0,1.24,2014-05-19,Monday,3,5,2014,,,,,0
0,1.24,2014-05-20,Tuesday,4,5,2014,,,,,0
0,1.24,2014-05-21,Wednesday,5,5,2014,,,,,0
0,1.24,2014-05-22,Thursday,6,5,2014,,,,,0
0,1.24,2014-05-23,Friday,7,5,2014,,,,,0
0,1.24,2014-05-24,Saturday,1,5,2014,,,,,0
0,1.24,2014-05-25,Sunday,2,5,2014,,,,,0
0,1.24,2014-05-26,Monday,3,5,2014,MemorialDay,National,,,0
0,1.24,2014-05-27,Tuesday,4,5,2014,,,,,0
0,1.24,2014-05-28,Wednesday,5,5,2014,,,,,0
0,1.24,2014-05-29,Thursday,6,5,2014,,,,,0
0,1.24,2014-05-30,Friday,7,5,2014,,,,,0
0,1.24,2014-05-31,Saturday,1,5,2014,,,,,0
0,1.24,2014-06-01,Sunday,2,6,2014,,,,,0
0,1.24,2014-06-02,Monday,3,6,2014,,,,,1
0,1.24,2014-06-03,Tuesday,4,6,2014,,,,,1
0,1.24,2014-06-04,Wednesday,5,6,2014,,,,,0
0,1.24,2014-06-05,Thursday,6,6,2014,NBAFinalsStart,Sporting,,,1
0,1.24,2014-06-06,Friday,7,6,2014,,,,,1
0,1.38,2014-06-07,Saturday,1,6,2014,,,,,0
0,1.38,2014-06-08,Sunday,2,6,2014,,,,,1
0,1.38,2014-06-09,Monday,3,6,2014,,,,,1
0,1.38,2014-06-10,Tuesday,4,6,2014,,,,,0
85,1.38,2014-06-11,Wednesday,5,6,2014,,,,,1
63,1.38,2014-06-12,Thursday,6,6,2014,,,,,1
50,1.38,2014-06-13,Friday,7,6,2014,,,,,0
68,1.38,2014-06-14,Saturday,1,6,2014,,,,,1
140,1.38,2014-06-15,Sunday,2,6,2014,NBAFinalsEnd,Sporting,Father's day,Cultural,1
51,1.38,2014-06-16,Monday,3,6,2014,,,,,0
87,1.38,2014-06-17,Tuesday,4,6,2014,,,,,0
36,1.38,2014-06-18,Wednesday,5,6,2014,,,,,0
54,1.38,2014-06-19,Thursday,6,6,2014,,,,,0
77,1.38,2014-06-20,Friday,7,6,2014,,,,,0
77,1.38,2014-06-21,Saturday,1,6,2014,,,,,0
94,1.38,2014-06-22,Sunday,2,6,2014,,,,,0
32,1.38,2014-06-23,Monday,3,6,2014,,,,,0
68,1.38,2014-06-24,Tuesday,4,6,2014,,,,,0
31,1.38,2014-06-25,Wednesday,5,6,2014,,,,,0
25,1.38,2014-06-26,Thursday,6,6,2014,,,,,0
56,1.38,2014-06-27,Friday,7,6,2014,,,,,0
140,1.38,2014-06-28,Saturday,1,6,2014,,,,,0
64,1.38,2014-06-29,Sunday,2,6,2014,Ramadan starts,Religious,,,0
39,1.38,2014-06-30,Monday,3,6,2014,,,,,0
31,1.38,2014-07-01,Tuesday,4,7,2014,,,,,0
57,1.38,2014-07-02,Wednesday,5,7,2014,,,,,1
103,1.38,2014-07-03,Thursday,6,7,2014,,,,,1
86,1.38,2014-07-04,Friday,7,7,2014,IndependenceDay,National,,,0
83,1.38,2014-07-05,Saturday,1,7,2014,,,,,1
64,1.38,2014-07-06,Sunday,2,7,2014,,,,,1
35,1.38,2014-07-07,Monday,3,7,2014,,,,,0
54,1.38,2014-07-08,Tuesday,4,7,2014,,,,,1
57,1.38,2014-07-09,Wednesday,5,7,2014,,,,,1
41,1.38,2014-07-10,Thursday,6,7,2014,,,,,0
92,1.38,2014-07-11,Friday,7,7,2014,,,,,1
56,1.38,2014-07-12,Saturday,1,7,2014,,,,,1
63,1.38,2014-07-13,Sunday,2,7,2014,,,,,0
33,1.38,2014-07-14,Monday,3,7,2014,,,,,1
59,1.38,2014-07-15,Tuesday,4,7,2014,,,,,1
46,1.38,2014-07-16,Wednesday,5,7,2014,,,,,0
73,1.38,2014-07-17,Thursday,6,7,2014,,,,,0
60,1.38,2014-07-18,Friday,7,7,2014,,,,,0
69,1.38,2014-07-19,Saturday,1,7,2014,,,,,0
62,1.38,2014-07-20,Sunday,2,7,2014,,,,,0
29,1.38,2014-07-21,Monday,3,7,2014,,,,,0
46,1.38,2014-07-22,Tuesday,4,7,2014,,,,,0
42,1.38,2014-07-23,Wednesday,5,7,2014,,,,,0
44,1.38,2014-07-24,Thursday,6,7,2014,,,,,0
59,1.38,2014-07-25,Friday,7,7,2014,,,,,0
82,1.38,2014-07-26,Saturday,1,7,2014,,,,,0
67,1.38,2014-07-27,Sunday,2,7,2014,,,,,0
23,1.38,2014-07-28,Monday,3,7,2014,,,,,0
34,1.38,2014-07-29,Tuesday,4,7,2014,Eid al-Fitr,Religious,,,0
28,1.38,2014-07-30,Wednesday,5,7,2014,,,,,0
40,1.38,2014-07-31,Thursday,6,7,2014,,,,,0
61,1.38,2014-08-01,Friday,7,8,2014,,,,,0
126,1.38,2014-08-02,Saturday,1,8,2014,,,,,1
78,1.38,2014-08-03,Sunday,2,8,2014,,,,,1
31,1.38,2014-08-04,Monday,3,8,2014,,,,,0
50,1.38,2014-08-05,Tuesday,4,8,2014,,,,,1
34,1.38,2014-08-06,Wednesday,5,8,2014,,,,,1
49,1.38,2014-08-07,Thursday,6,8,2014,,,,,0
72,1.38,2014-08-08,Friday,7,8,2014,,,,,1
76,1.38,2014-08-09,Saturday,1,8,2014,,,,,1
77,1.38,2014-08-10,Sunday,2,8,2014,,,,,0
35,1.38,2014-08-11,Monday,3,8,2014,,,,,1
43,1.38,2014-08-12,Tuesday,4,8,2014,,,,,1
38,1.38,2014-08-13,Wednesday,5,8,2014,,,,,0
32,1.38,2014-08-14,Thursday,6,8,2014,,,,,1
48,1.38,2014-08-15,Friday,7,8,2014,,,,,1
54,1.38,2014-08-16,Saturday,1,8,2014,,,,,0
64,1.38,2014-08-17,Sunday,2,8,2014,,,,,0
14,1.38,2014-08-18,Monday,3,8,2014,,,,,0
38,1.38,2014-08-19,Tuesday,4,8,2014,,,,,0
48,1.38,2014-08-20,Wednesday,5,8,2014,,,,,0
32,1.38,2014-08-21,Thursday,6,8,2014,,,,,0
54,1.38,2014-08-22,Friday,7,8,2014,,,,,0
44,1.38,2014-08-23,Saturday,1,8,2014,,,,,0
82,1.38,2014-08-24,Sunday,2,8,2014,,,,,0
52,1.38,2014-08-25,Monday,3,8,2014,,,,,0
39,1.38,2014-08-26,Tuesday,4,8,2014,,,,,0
40,1.38,2014-08-27,Wednesday,5,8,2014,,,,,0
21,1.38,2014-08-28,Thursday,6,8,2014,,,,,0
71,1.38,2014-08-29,Friday,7,8,2014,,,,,0
84,1.38,2014-08-30,Saturday,1,8,2014,,,,,0
77,1.38,2014-08-31,Sunday,2,8,2014,,,,,0
86,1.38,2014-09-01,Monday,3,9,2014,LaborDay,National,,,0
47,1.38,2014-09-02,Tuesday,4,9,2014,,,,,1
42,1.38,2014-09-03,Wednesday,5,9,2014,,,,,1
80,1.38,2014-09-04,Thursday,6,9,2014,,,,,0
54,1.38,2014-09-05,Friday,7,9,2014,,,,,1
71,1.38,2014-09-06,Saturday,1,9,2014,,,,,1
65,1.38,2014-09-07,Sunday,2,9,2014,,,,,0
55,1.38,2014-09-08,Monday,3,9,2014,,,,,1
67,1.38,2014-09-09,Tuesday,4,9,2014,,,,,1
38,1.38,2014-09-10,Wednesday,5,9,2014,,,,,0
33,1.38,2014-09-11,Thursday,6,9,2014,,,,,1
62,1.38,2014-09-12,Friday,7,9,2014,,,,,1
70,1.38,2014-09-13,Saturday,1,9,2014,,,,,0
72,1.38,2014-09-14,Sunday,2,9,2014,,,,,1
41,1.38,2014-09-15,Monday,3,9,2014,,,,,1
46,1.38,2014-09-16,Tuesday,4,9,2014,,,,,0
32,1.38,2014-09-17,Wednesday,5,9,2014,,,,,0
38,1.38,2014-09-18,Thursday,6,9,2014,,,,,0
51,1.38,2014-09-19,Friday,7,9,2014,,,,,0
72,1.38,2014-09-20,Saturday,1,9,2014,,,,,0
62,1.38,2014-09-21,Sunday,2,9,2014,,,,,0
29,1.38,2014-09-22,Monday,3,9,2014,,,,,0
49,1.38,2014-09-23,Tuesday,4,9,2014,,,,,0
50,1.38,2014-09-24,Wednesday,5,9,2014,,,,,0
32,1.38,2014-09-25,Thursday,6,9,2014,,,,,0
59,1.38,2014-09-26,Friday,7,9,2014,,,,,0
84,1.38,2014-09-27,Saturday,1,9,2014,,,,,0
47,1.38,2014-09-28,Sunday,2,9,2014,,,,,0
47,1.38,2014-09-29,Monday,3,9,2014,,,,,0
33,1.38,2014-09-30,Tuesday,4,9,2014,,,,,0
47,1.38,2014-10-01,Wednesday,5,10,2014,,,,,0
53,1.38,2014-10-02,Thursday,6,10,2014,,,,,1
77,1.38,2014-10-03,Friday,7,10,2014,,,,,1
134,1.38,2014-10-04,Saturday,1,10,2014,EidAlAdha,Religious,,,0
84,1.38,2014-10-05,Sunday,2,10,2014,,,,,1
73,1.38,2014-10-06,Monday,3,10,2014,,,,,1
35,1.38,2014-10-07,Tuesday,4,10,2014,,,,,0
51,1.38,2014-10-08,Wednesday,5,10,2014,,,,,1
53,1.38,2014-10-09,Thursday,6,10,2014,,,,,1
65,1.38,2014-10-10,Friday,7,10,2014,,,,,0
75,1.38,2014-10-11,Saturday,1,10,2014,,,,,1
64,1.38,2014-10-12,Sunday,2,10,2014,,,,,1
24,1.38,2014-10-13,Monday,3,10,2014,ColumbusDay,National,,,0
35,1.38,2014-10-14,Tuesday,4,10,2014,,,,,1
55,1.38,2014-10-15,Wednesday,5,10,2014,,,,,1
44,1.38,2014-10-16,Thursday,6,10,2014,,,,,0
48,1.38,2014-10-17,Friday,7,10,2014,,,,,0
87,1.38,2014-10-18,Saturday,1,10,2014,,,,,0
92,1.38,2014-10-19,Sunday,2,10,2014,,,,,0
34,1.38,2014-10-20,Monday,3,10,2014,,,,,0
25,1.38,2014-10-21,Tuesday,4,10,2014,,,,,0
50,1.38,2014-10-22,Wednesday,5,10,2014,,,,,0
44,1.38,2014-10-23,Thursday,6,10,2014,,,,,0
81,1.38,2014-10-24,Friday,7,10,2014,,,,,0
86,1.38,2014-10-25,Saturday,1,10,2014,,,,,0
60,1.38,2014-10-26,Sunday,2,10,2014,,,,,0
39,1.38,2014-10-27,Monday,3,10,2014,,,,,0
28,1.38,2014-10-28,Tuesday,4,10,2014,,,,,0
27,1.38,2014-10-29,Wednesday,5,10,2014,,,,,0
61,1.38,2014-10-30,Thursday,6,10,2014,,,,,0
55,1.38,2014-10-31,Friday,7,10,2014,Halloween,Cultural,,,0
95,1.38,2014-11-01,Saturday,1,11,2014,,,,,0
95,1.38,2014-11-02,Sunday,2,11,2014,,,,,1
57,1.38,2014-11-03,Monday,3,11,2014,,,,,1
71,1.38,2014-11-04,Tuesday,4,11,2014,,,,,0
34,1.38,2014-11-05,Wednesday,5,11,2014,,,,,1
38,1.38,2014-11-06,Thursday,6,11,2014,,,,,1
62,1.38,2014-11-07,Friday,7,11,2014,,,,,0
87,1.38,2014-11-08,Saturday,1,11,2014,,,,,1
72,1.38,2014-11-09,Sunday,2,11,2014,,,,,1
30,1.38,2014-11-10,Monday,3,11,2014,,,,,0
31,1.38,2014-11-11,Tuesday,4,11,2014,VeteransDay,National,,,1
38,1.38,2014-11-12,Wednesday,5,11,2014,,,,,1
38,1.38,2014-11-13,Thursday,6,11,2014,,,,,0
54,1.38,2014-11-14,Friday,7,11,2014,,,,,1
79,1.38,2014-11-15,Saturday,1,11,2014,,,,,1
72,1.38,2014-11-16,Sunday,2,11,2014,,,,,0
45,1.38,2014-11-17,Monday,3,11,2014,,,,,0
29,1.38,2014-11-18,Tuesday,4,11,2014,,,,,0
31,1.38,2014-11-19,Wednesday,5,11,2014,,,,,0
35,1.38,2014-11-20,Thursday,6,11,2014,,,,,0
45,1.38,2014-11-21,Friday,7,11,2014,,,,,0
64,1.38,2014-11-22,Saturday,1,11,2014,,,,,0
41,1.38,2014-11-23,Sunday,2,11,2014,,,,,0
32,1.38,2014-11-24,Monday,3,11,2014,,,,,0
52,1.38,2014-11-25,Tuesday,4,11,2014,,,,,0
118,1.38,2014-11-26,Wednesday,5,11,2014,,,,,0
151,1.38,2014-11-27,Thursday,6,11,2014,Thanksgiving,National,,,0
60,1.38,2014-11-28,Friday,7,11,2014,,,,,0
70,1.38,2014-11-29,Saturday,1,11,2014,,,,,0
45,1.38,2014-11-30,Sunday,2,11,2014,,,,,0
0,1.38,2014-12-01,Monday,3,12,2014,,,,,0
0,1.38,2014-12-02,Tuesday,4,12,2014,,,,,1
0,1.38,2014-12-03,Wednesday,5,12,2014,,,,,1
0,1.38,2014-12-04,Thursday,6,12,2014,,,,,0
0,1.38,2014-12-05,Friday,7,12,2014,,,,,1
0,1.38,2014-12-06,Saturday,1,12,2014,,,,,1
0,1.38,2014-12-07,Sunday,2,12,2014,,,,,0
0,1.38,2014-12-08,Monday,3,12,2014,,,,,1
0,1.38,2014-12-09,Tuesday,4,12,2014,,,,,1
0,1.38,2014-12-10,Wednesday,5,12,2014,,,,,0
0,1.38,2014-12-11,Thursday,6,12,2014,,,,,1
0,1.38,2014-12-12,Friday,7,12,2014,,,,,1
0,1.38,2014-12-13,Saturday,1,12,2014,,,,,0
0,1.38,2014-12-14,Sunday,2,12,2014,,,,,1
0,1.38,2014-12-15,Monday,3,12,2014,,,,,1
0,1.38,2014-12-16,Tuesday,4,12,2014,,,,,0
0,1.38,2014-12-17,Wednesday,5,12,2014,,,,,0
0,1.38,2014-12-18,Thursday,6,12,2014,,,,,0
0,1.38,2014-12-19,Friday,7,12,2014,,,,,0
0,1.38,2014-12-20,Saturday,1,12,2014,,,,,0
0,1.38,2014-12-21,Sunday,2,12,2014,,,,,0
0,1.38,2014-12-22,Monday,3,12,2014,,,,,0
0,1.38,2014-12-23,Tuesday,4,12,2014,,,,,0
0,1.38,2014-12-24,Wednesday,5,12,2014,Chanukah End,Religious,,,0
0,1.38,2014-12-25,Thursday,6,12,2014,Christmas,National,,,0
0,1.38,2014-12-26,Friday,7,12,2014,,,,,0
0,1.38,2014-12-27,Saturday,1,12,2014,,,,,0
0,1.38,2014-12-28,Sunday,2,12,2014,,,,,0
0,1.38,2014-12-29,Monday,3,12,2014,,,,,0
0,1.38,2014-12-30,Tuesday,4,12,2014,,,,,0
0,1.38,2014-12-31,Wednesday,5,12,2014,,,,,0
0,1.38,2015-01-01,Thursday,6,1,2015,NewYear,National,,,0
0,1.38,2015-01-02,Friday,7,1,2015,,,,,1
0,1.38,2015-01-03,Saturday,1,1,2015,,,,,1
54,1.38,2015-01-04,Sunday,2,1,2015,,,,,0
52,1.38,2015-01-05,Monday,3,1,2015,,,,,1
85,1.38,2015-01-06,Tuesday,4,1,2015,,,,,1
40,1.38,2015-01-07,Wednesday,5,1,2015,OrthodoxChristmas,Religious,,,0
32,1.38,2015-01-08,Thursday,6,1,2015,,,,,1
81,1.38,2015-01-09,Friday,7,1,2015,,,,,1
117,1.38,2015-01-10,Saturday,1,1,2015,,,,,0
112,1.38,2015-01-11,Sunday,2,1,2015,,,,,1
66,1.38,2015-01-12,Monday,3,1,2015,,,,,1
59,1.38,2015-01-13,Tuesday,4,1,2015,,,,,0
96,1.38,2015-01-14,Wednesday,5,1,2015,,,,,1
50,1.38,2015-01-15,Thursday,6,1,2015,,,,,1
95,1.38,2015-01-16,Friday,7,1,2015,,,,,0
128,1.38,2015-01-17,Saturday,1,1,2015,,,,,0
109,1.38,2015-01-18,Sunday,2,1,2015,,,,,0
56,1.38,2015-01-19,Monday,3,1,2015,MartinLutherKingDay,National,,,0
56,1.38,2015-01-20,Tuesday,4,1,2015,,,,,0
36,1.38,2015-01-21,Wednesday,5,1,2015,,,,,0
28,1.38,2015-01-22,Thursday,6,1,2015,,,,,0
90,1.38,2015-01-23,Friday,7,1,2015,,,,,0
108,1.38,2015-01-24,Saturday,1,1,2015,,,,,0
92,1.38,2015-01-25,Sunday,2,1,2015,,,,,0
42,1.38,2015-01-26,Monday,3,1,2015,,,,,0
56,1.38,2015-01-27,Tuesday,4,1,2015,,,,,0
44,1.38,2015-01-28,Wednesday,5,1,2015,,,,,0
40,1.38,2015-01-29,Thursday,6,1,2015,,,,,0
72,1.38,2015-01-30,Friday,7,1,2015,,,,,0
145,1.38,2015-01-31,Saturday,1,1,2015,,,,,0
75,1.38,2015-02-01,Sunday,2,2,2015,SuperBowl,Sporting,,,0
59,1.38,2015-02-02,Monday,3,2,2015,,,,,1
78,1.38,2015-02-03,Tuesday,4,2,2015,,,,,1
70,1.38,2015-02-04,Wednesday,5,2,2015,,,,,0
59,1.38,2015-02-05,Thursday,6,2,2015,,,,,1
97,1.38,2015-02-06,Friday,7,2,2015,,,,,1
97,1.38,2015-02-07,Saturday,1,2,2015,,,,,0
81,1.38,2015-02-08,Sunday,2,2,2015,,,,,1
54,1.38,2015-02-09,Monday,3,2,2015,,,,,1
44,1.38,2015-02-10,Tuesday,4,2,2015,,,,,0
64,1.38,2015-02-11,Wednesday,5,2,2015,,,,,1
38,1.38,2015-02-12,Thursday,6,2,2015,,,,,1
0,1.38,2015-02-13,Friday,7,2,2015,,,,,0
0,1.38,2015-02-14,Saturday,1,2,2015,ValentinesDay,Cultural,,,1
0,1.38,2015-02-15,Sunday,2,2,2015,,,,,1
0,1.38,2015-02-16,Monday,3,2,2015,PresidentsDay,National,,,0
0,1.38,2015-02-17,Tuesday,4,2,2015,,,,,0
0,1.38,2015-02-18,Wednesday,5,2,2015,LentStart,Religious,,,0
0,1.38,2015-02-19,Thursday,6,2,2015,,,,,0
0,1.38,2015-02-20,Friday,7,2,2015,,,,,0
0,1.38,2015-02-21,Saturday,1,2,2015,,,,,0
0,1.38,2015-02-22,Sunday,2,2,2015,,,,,0
0,1.38,2015-02-23,Monday,3,2,2015,,,,,0
0,1.38,2015-02-24,Tuesday,4,2,2015,,,,,0
0,1.38,2015-02-25,Wednesday,5,2,2015,LentWeek2,Religious,,,0
0,1.38,2015-02-26,Thursday,6,2,2015,,,,,0
0,1.38,2015-02-27,Friday,7,2,2015,,,,,0
0,1.38,2015-02-28,Saturday,1,2,2015,,,,,0
0,1.38,2015-03-01,Sunday,2,3,2015,,,,,0
0,1.38,2015-03-02,Monday,3,3,2015,,,,,1
0,1.38,2015-03-03,Tuesday,4,3,2015,,,,,1
0,1.38,2015-03-04,Wednesday,5,3,2015,,,,,0
0,1.38,2015-03-05,Thursday,6,3,2015,Purim End,Religious,,,1
0,1.38,2015-03-06,Friday,7,3,2015,,,,,1
0,1.38,2015-03-07,Saturday,1,3,2015,,,,,0
0,1.38,2015-03-08,Sunday,2,3,2015,,,,,1
0,1.38,2015-03-09,Monday,3,3,2015,,,,,1
0,1.38,2015-03-10,Tuesday,4,3,2015,,,,,0
0,1.38,2015-03-11,Wednesday,5,3,2015,,,,,1
81,1.38,2015-03-12,Thursday,6,3,2015,,,,,1
76,1.38,2015-03-13,Friday,7,3,2015,,,,,0
102,1.38,2015-03-14,Saturday,1,3,2015,,,,,1
78,1.38,2015-03-15,Sunday,2,3,2015,,,,,1
60,1.38,2015-03-16,Monday,3,3,2015,,,,,0
46,1.38,2015-03-17,Tuesday,4,3,2015,StPatricksDay,Cultural,,,0
27,1.38,2015-03-18,Wednesday,5,3,2015,,,,,0
44,1.38,2015-03-19,Thursday,6,3,2015,,,,,0
83,1.38,2015-03-20,Friday,7,3,2015,,,,,0
87,1.38,2015-03-21,Saturday,1,3,2015,,,,,0
89,1.38,2015-03-22,Sunday,2,3,2015,,,,,0
37,1.38,2015-03-23,Monday,3,3,2015,,,,,0
70,1.38,2015-03-24,Tuesday,4,3,2015,,,,,0
42,1.38,2015-03-25,Wednesday,5,3,2015,,,,,0
44,1.38,2015-03-26,Thursday,6,3,2015,,,,,0
74,1.38,2015-03-27,Friday,7,3,2015,,,,,0
90,1.38,2015-03-28,Saturday,1,3,2015,,,,,0
77,1.38,2015-03-29,Sunday,2,3,2015,,,,,0
44,1.38,2015-03-30,Monday,3,3,2015,,,,,0
48,1.38,2015-03-31,Tuesday,4,3,2015,,,,,0
61,1.38,2015-04-01,Wednesday,5,4,2015,,,,,0
74,1.38,2015-04-02,Thursday,6,4,2015,,,,,1
150,1.38,2015-04-03,Friday,7,4,2015,,,,,1
3,1.38,2015-04-04,Saturday,1,4,2015,,,,,0
5,1.38,2015-04-05,Sunday,2,4,2015,Easter,Cultural,,,1
40,1.38,2015-04-06,Monday,3,4,2015,,,,,1
48,1.38,2015-04-07,Tuesday,4,4,2015,,,,,0
51,1.38,2015-04-08,Wednesday,5,4,2015,,,,,1
49,1.38,2015-04-09,Thursday,6,4,2015,,,,,1
88,1.38,2015-04-10,Friday,7,4,2015,,,,,0
109,1.38,2015-04-11,Saturday,1,4,2015,Pesach End,Religious,,,1
70,1.38,2015-04-12,Sunday,2,4,2015,OrthodoxEaster,Religious,,,1
93,1.38,2015-04-13,Monday,3,4,2015,,,,,0
41,1.38,2015-04-14,Tuesday,4,4,2015,,,,,1
40,1.38,2015-04-15,Wednesday,5,4,2015,,,,,1
61,1.38,2015-04-16,Thursday,6,4,2015,,,,,0
55,1.38,2015-04-17,Friday,7,4,2015,,,,,0
122,1.38,2015-04-18,Saturday,1,4,2015,,,,,0
98,1.38,2015-04-19,Sunday,2,4,2015,,,,,0
38,1.38,2015-04-20,Monday,3,4,2015,,,,,0
53,1.38,2015-04-21,Tuesday,4,4,2015,,,,,0
38,1.38,2015-04-22,Wednesday,5,4,2015,,,,,0
58,1.38,2015-04-23,Thursday,6,4,2015,,,,,0
73,1.38,2015-04-24,Friday,7,4,2015,,,,,0
120,1.38,2015-04-25,Saturday,1,4,2015,,,,,0
120,1.38,2015-04-26,Sunday,2,4,2015,,,,,0
66,1.38,2015-04-27,Monday,3,4,2015,,,,,0
38,1.38,2015-04-28,Tuesday,4,4,2015,,,,,0
53,1.38,2015-04-29,Wednesday,5,4,2015,,,,,0
58,1.38,2015-04-30,Thursday,6,4,2015,,,,,0
87,1.38,2015-05-01,Friday,7,5,2015,,,,,0
139,1.38,2015-05-02,Saturday,1,5,2015,,,,,1
101,1.38,2015-05-03,Sunday,2,5,2015,,,,,1
50,1.38,2015-05-04,Monday,3,5,2015,,,,,0
60,1.38,2015-05-05,Tuesday,4,5,2015,Cinco De Mayo,Cultural,,,1
54,1.38,2015-05-06,Wednesday,5,5,2015,,,,,1
67,1.38,2015-05-07,Thursday,6,5,2015,,,,,0
120,1.38,2015-05-08,Friday,7,5,2015,,,,,1
102,1.38,2015-05-09,Saturday,1,5,2015,,,,,1
112,1.38,2015-05-10,Sunday,2,5,2015,Mother's day,Cultural,,,0
65,1.38,2015-05-11,Monday,3,5,2015,,,,,1
35,1.38,2015-05-12,Tuesday,4,5,2015,,,,,1
62,1.38,2015-05-13,Wednesday,5,5,2015,,,,,0
0,1.38,2015-05-14,Thursday,6,5,2015,,,,,1
0,1.38,2015-05-15,Friday,7,5,2015,,,,,1
0,1.38,2015-05-16,Saturday,1,5,2015,,,,,0
0,1.38,2015-05-17,Sunday,2,5,2015,,,,,0
0,1.38,2015-05-18,Monday,3,5,2015,,,,,0
0,1.38,2015-05-19,Tuesday,4,5,2015,,,,,0
0,1.38,2015-05-20,Wednesday,5,5,2015,,,,,0
0,1.38,2015-05-21,Thursday,6,5,2015,,,,,0
0,1.38,2015-05-22,Friday,7,5,2015,,,,,0
0,1.38,2015-05-23,Saturday,1,5,2015,,,,,0
0,1.38,2015-05-24,Sunday,2,5,2015,,,,,0
0,1.38,2015-05-25,Monday,3,5,2015,MemorialDay,National,,,0
0,1.38,2015-05-26,Tuesday,4,5,2015,,,,,0
0,1.38,2015-05-27,Wednesday,5,5,2015,,,,,0
0,1.38,2015-05-28,Thursday,6,5,2015,,,,,0
0,1.38,2015-05-29,Friday,7,5,2015,,,,,0
0,1.38,2015-05-30,Saturday,1,5,2015,,,,,0
0,1.38,2015-05-31,Sunday,2,5,2015,,,,,0
0,1.38,2015-06-01,Monday,3,6,2015,,,,,0
0,1.38,2015-06-02,Tuesday,4,6,2015,,,,,1
0,1.38,2015-06-03,Wednesday,5,6,2015,,,,,1
0,1.38,2015-06-04,Thursday,6,6,2015,NBAFinalsStart,Sporting,,,0
0,1.38,2015-06-05,Friday,7,6,2015,,,,,1
0,1.38,2015-06-06,Saturday,1,6,2015,,,,,1
0,1.38,2015-06-07,Sunday,2,6,2015,,,,,0
0,1.38,2015-06-08,Monday,3,6,2015,,,,,1
0,1.38,2015-06-09,Tuesday,4,6,2015,,,,,1
0,1.38,2015-06-10,Wednesday,5,6,2015,,,,,0
0,1.38,2015-06-11,Thursday,6,6,2015,,,,,1
0,1.38,2015-06-12,Friday,7,6,2015,,,,,1
0,1.38,2015-06-13,Saturday,1,6,2015,,,,,0
109,1.38,2015-06-14,Sunday,2,6,2015,,,,,1
46,1.38,2015-06-15,Monday,3,6,2015,,,,,1
74,1.38,2015-06-16,Tuesday,4,6,2015,NBAFinalsEnd,Sporting,,,0
76,1.38,2015-06-17,Wednesday,5,6,2015,,,,,0
48,1.38,2015-06-18,Thursday,6,6,2015,Ramadan starts,Religious,,,0
113,1.38,2015-06-19,Friday,7,6,2015,,,,,0
122,1.38,2015-06-20,Saturday,1,6,2015,,,,,0
110,1.38,2015-06-21,Sunday,2,6,2015,Father's day,Cultural,,,0
66,1.38,2015-06-22,Monday,3,6,2015,,,,,0
46,1.38,2015-06-23,Tuesday,4,6,2015,,,,,0
33,1.38,2015-06-24,Wednesday,5,6,2015,,,,,0
57,1.38,2015-06-25,Thursday,6,6,2015,,,,,0
79,1.38,2015-06-26,Friday,7,6,2015,,,,,0
108,1.38,2015-06-27,Saturday,1,6,2015,,,,,0
66,1.38,2015-06-28,Sunday,2,6,2015,,,,,0
61,1.38,2015-06-29,Monday,3,6,2015,,,,,0
62,1.38,2015-06-30,Tuesday,4,6,2015,,,,,0
51,1.38,2015-07-01,Wednesday,5,7,2015,,,,,0
65,1.38,2015-07-02,Thursday,6,7,2015,,,,,1
160,1.38,2015-07-03,Friday,7,7,2015,,,,,1
143,1.38,2015-07-04,Saturday,1,7,2015,IndependenceDay,National,,,0
48,1.38,2015-07-05,Sunday,2,7,2015,,,,,1
46,1.38,2015-07-06,Monday,3,7,2015,,,,,1
52,1.38,2015-07-07,Tuesday,4,7,2015,,,,,0
30,1.38,2015-07-08,Wednesday,5,7,2015,,,,,1
44,1.38,2015-07-09,Thursday,6,7,2015,,,,,1
79,1.38,2015-07-10,Friday,7,7,2015,,,,,0
133,1.38,2015-07-11,Saturday,1,7,2015,,,,,1
131,1.38,2015-07-12,Sunday,2,7,2015,,,,,1
65,1.38,2015-07-13,Monday,3,7,2015,,,,,0
70,1.38,2015-07-14,Tuesday,4,7,2015,,,,,1
79,1.38,2015-07-15,Wednesday,5,7,2015,,,,,1
80,1.38,2015-07-16,Thursday,6,7,2015,,,,,0
131,1.38,2015-07-17,Friday,7,7,2015,,,,,0
73,1.38,2015-07-18,Saturday,1,7,2015,Eid al-Fitr,Religious,,,0
122,1.38,2015-07-19,Sunday,2,7,2015,,,,,0
68,1.38,2015-07-20,Monday,3,7,2015,,,,,0
56,1.38,2015-07-21,Tuesday,4,7,2015,,,,,0
95,1.38,2015-07-22,Wednesday,5,7,2015,,,,,0
54,1.38,2015-07-23,Thursday,6,7,2015,,,,,0
102,1.38,2015-07-24,Friday,7,7,2015,,,,,0
116,1.38,2015-07-25,Saturday,1,7,2015,,,,,0
68,1.38,2015-07-26,Sunday,2,7,2015,,,,,0
67,1.38,2015-07-27,Monday,3,7,2015,,,,,0
45,1.38,2015-07-28,Tuesday,4,7,2015,,,,,0
44,1.38,2015-07-29,Wednesday,5,7,2015,,,,,0
51,1.38,2015-07-30,Thursday,6,7,2015,,,,,0
90,1.38,2015-07-31,Friday,7,7,2015,,,,,0
110,1.38,2015-08-01,Saturday,1,8,2015,,,,,0
96,1.38,2015-08-02,Sunday,2,8,2015,,,,,1
50,1.38,2015-08-03,Monday,3,8,2015,,,,,1
58,1.38,2015-08-04,Tuesday,4,8,2015,,,,,0
68,1.38,2015-08-05,Wednesday,5,8,2015,,,,,1
59,1.38,2015-08-06,Thursday,6,8,2015,,,,,1
123,1.38,2015-08-07,Friday,7,8,2015,,,,,0
101,1.38,2015-08-08,Saturday,1,8,2015,,,,,1
90,1.38,2015-08-09,Sunday,2,8,2015,,,,,1
38,1.38,2015-08-10,Monday,3,8,2015,,,,,0
70,1.38,2015-08-11,Tuesday,4,8,2015,,,,,1
33,1.38,2015-08-12,Wednesday,5,8,2015,,,,,1
36,1.38,2015-08-13,Thursday,6,8,2015,,,,,0
90,1.38,2015-08-14,Friday,7,8,2015,,,,,1
108,1.38,2015-08-15,Saturday,1,8,2015,,,,,1
112,1.38,2015-08-16,Sunday,2,8,2015,,,,,0
60,1.38,2015-08-17,Monday,3,8,2015,,,,,0
57,1.38,2015-08-18,Tuesday,4,8,2015,,,,,0
42,1.38,2015-08-19,Wednesday,5,8,2015,,,,,0
55,1.38,2015-08-20,Thursday,6,8,2015,,,,,0
80,1.38,2015-08-21,Friday,7,8,2015,,,,,0
96,1.38,2015-08-22,Saturday,1,8,2015,,,,,0
60,1.38,2015-08-23,Sunday,2,8,2015,,,,,0
32,1.38,2015-08-24,Monday,3,8,2015,,,,,0
53,1.38,2015-08-25,Tuesday,4,8,2015,,,,,0
53,1.38,2015-08-26,Wednesday,5,8,2015,,,,,0
69,1.38,2015-08-27,Thursday,6,8,2015,,,,,0
72,1.38,2015-08-28,Friday,7,8,2015,,,,,0
108,1.38,2015-08-29,Saturday,1,8,2015,,,,,0
76,1.38,2015-08-30,Sunday,2,8,2015,,,,,0
44,1.38,2015-08-31,Monday,3,8,2015,,,,,0
32,1.38,2015-09-01,Tuesday,4,9,2015,,,,,0
48,1.38,2015-09-02,Wednesday,5,9,2015,,,,,1
67,1.38,2015-09-03,Thursday,6,9,2015,,,,,1
76,1.38,2015-09-04,Friday,7,9,2015,,,,,0
103,1.38,2015-09-05,Saturday,1,9,2015,,,,,1
113,1.38,2015-09-06,Sunday,2,9,2015,,,,,1
74,1.38,2015-09-07,Monday,3,9,2015,LaborDay,National,,,0
61,1.38,2015-09-08,Tuesday,4,9,2015,,,,,1
58,1.38,2015-09-09,Wednesday,5,9,2015,,,,,1
56,1.38,2015-09-10,Thursday,6,9,2015,,,,,0
81,1.38,2015-09-11,Friday,7,9,2015,,,,,1
105,1.38,2015-09-12,Saturday,1,9,2015,,,,,1
110,1.38,2015-09-13,Sunday,2,9,2015,,,,,0
73,1.38,2015-09-14,Monday,3,9,2015,,,,,1
48,1.38,2015-09-15,Tuesday,4,9,2015,,,,,1
65,1.38,2015-09-16,Wednesday,5,9,2015,,,,,0
54,1.38,2015-09-17,Thursday,6,9,2015,,,,,0
93,1.38,2015-09-18,Friday,7,9,2015,,,,,0
90,1.38,2015-09-19,Saturday,1,9,2015,,,,,0
67,1.38,2015-09-20,Sunday,2,9,2015,,,,,0
60,1.38,2015-09-21,Monday,3,9,2015,,,,,0
57,1.38,2015-09-22,Tuesday,4,9,2015,,,,,0
39,1.38,2015-09-23,Wednesday,5,9,2015,,,,,0
83,1.38,2015-09-24,Thursday,6,9,2015,EidAlAdha,Religious,,,0
120,1.38,2015-09-25,Friday,7,9,2015,,,,,0
100,1.38,2015-09-26,Saturday,1,9,2015,,,,,0
61,1.38,2015-09-27,Sunday,2,9,2015,,,,,0
52,1.38,2015-09-28,Monday,3,9,2015,,,,,0
22,1.38,2015-09-29,Tuesday,4,9,2015,,,,,0
47,1.38,2015-09-30,Wednesday,5,9,2015,,,,,0
66,1.38,2015-10-01,Thursday,6,10,2015,,,,,0
100,1.38,2015-10-02,Friday,7,10,2015,,,,,1
127,1.38,2015-10-03,Saturday,1,10,2015,,,,,1
66,1.38,2015-10-04,Sunday,2,10,2015,,,,,0
66,1.38,2015-10-05,Monday,3,10,2015,,,,,1
39,1.38,2015-10-06,Tuesday,4,10,2015,,,,,1
62,1.38,2015-10-07,Wednesday,5,10,2015,,,,,0
61,1.38,2015-10-08,Thursday,6,10,2015,,,,,1
77,1.38,2015-10-09,Friday,7,10,2015,,,,,1
127,1.38,2015-10-10,Saturday,1,10,2015,,,,,0
88,1.38,2015-10-11,Sunday,2,10,2015,,,,,1
57,1.38,2015-10-12,Monday,3,10,2015,ColumbusDay,National,,,1
57,1.38,2015-10-13,Tuesday,4,10,2015,,,,,0
49,1.38,2015-10-14,Wednesday,5,10,2015,,,,,1
56,1.38,2015-10-15,Thursday,6,10,2015,,,,,1
85,1.38,2015-10-16,Friday,7,10,2015,,,,,0
89,1.38,2015-10-17,Saturday,1,10,2015,,,,,0
99,1.38,2015-10-18,Sunday,2,10,2015,,,,,0
70,1.38,2015-10-19,Monday,3,10,2015,,,,,0
43,1.38,2015-10-20,Tuesday,4,10,2015,,,,,0
53,1.38,2015-10-21,Wednesday,5,10,2015,,,,,0
62,1.38,2015-10-22,Thursday,6,10,2015,,,,,0
124,1.38,2015-10-23,Friday,7,10,2015,,,,,0
132,1.38,2015-10-24,Saturday,1,10,2015,,,,,0
80,1.38,2015-10-25,Sunday,2,10,2015,,,,,0
50,1.38,2015-10-26,Monday,3,10,2015,,,,,0
36,1.38,2015-10-27,Tuesday,4,10,2015,,,,,0
46,1.38,2015-10-28,Wednesday,5,10,2015,,,,,0
62,1.38,2015-10-29,Thursday,6,10,2015,,,,,0
118,1.38,2015-10-30,Friday,7,10,2015,,,,,0
132,1.38,2015-10-31,Saturday,1,10,2015,Halloween,Cultural,,,0
77,1.38,2015-11-01,Sunday,2,11,2015,,,,,0
64,1.38,2015-11-02,Monday,3,11,2015,,,,,1
59,1.38,2015-11-03,Tuesday,4,11,2015,,,,,1
44,1.38,2015-11-04,Wednesday,5,11,2015,,,,,0
60,1.38,2015-11-05,Thursday,6,11,2015,,,,,1
81,1.38,2015-11-06,Friday,7,11,2015,,,,,1
62,1.38,2015-11-07,Saturday,1,11,2015,,,,,0
100,1.38,2015-11-08,Sunday,2,11,2015,,,,,1
71,1.38,2015-11-09,Monday,3,11,2015,,,,,1
40,1.38,2015-11-10,Tuesday,4,11,2015,,,,,0
39,1.38,2015-11-11,Wednesday,5,11,2015,VeteransDay,National,,,1
56,1.38,2015-11-12,Thursday,6,11,2015,,,,,1
81,1.38,2015-11-13,Friday,7,11,2015,,,,,0
117,1.38,2015-11-14,Saturday,1,11,2015,,,,,1
79,1.38,2015-11-15,Sunday,2,11,2015,,,,,1
36,1.38,2015-11-16,Monday,3,11,2015,,,,,0
34,1.38,2015-11-17,Tuesday,4,11,2015,,,,,0
54,1.38,2015-11-18,Wednesday,5,11,2015,,,,,0
40,1.38,2015-11-19,Thursday,6,11,2015,,,,,0
65,1.38,2015-11-20,Friday,7,11,2015,,,,,0
102,1.38,2015-11-21,Saturday,1,11,2015,,,,,0
84,1.38,2015-11-22,Sunday,2,11,2015,,,,,0
48,1.38,2015-11-23,Monday,3,11,2015,,,,,0
73,1.38,2015-11-24,Tuesday,4,11,2015,,,,,0
143,1.38,2015-11-25,Wednesday,5,11,2015,,,,,0
198,1.38,2015-11-26,Thursday,6,11,2015,Thanksgiving,National,,,0
39,1.38,2015-11-27,Friday,7,11,2015,,,,,0
71,1.38,2015-11-28,Saturday,1,11,2015,,,,,0
70,1.38,2015-11-29,Sunday,2,11,2015,,,,,0
39,1.38,2015-11-30,Monday,3,11,2015,,,,,0
66,1.38,2015-12-01,Tuesday,4,12,2015,,,,,0
81,1.38,2015-12-02,Wednesday,5,12,2015,,,,,1
0,1.38,2015-12-03,Thursday,6,12,2015,,,,,1
0,1.38,2015-12-04,Friday,7,12,2015,,,,,0
0,1.38,2015-12-05,Saturday,1,12,2015,,,,,1
0,1.38,2015-12-06,Sunday,2,12,2015,,,,,1
0,1.38,2015-12-07,Monday,3,12,2015,,,,,0
0,1.38,2015-12-08,Tuesday,4,12,2015,,,,,1
0,1.38,2015-12-09,Wednesday,5,12,2015,,,,,1
0,1.38,2015-12-10,Thursday,6,12,2015,,,,,0
0,1.38,2015-12-11,Friday,7,12,2015,,,,,1
0,1.38,2015-12-12,Saturday,1,12,2015,,,,,1
0,1.38,2015-12-13,Sunday,2,12,2015,,,,,0
0,1.38,2015-12-14,Monday,3,12,2015,Chanukah End,Religious,,,1
0,1.38,2015-12-15,Tuesday,4,12,2015,,,,,1
0,1.38,2015-12-16,Wednesday,5,12,2015,,,,,0
0,1.38,2015-12-17,Thursday,6,12,2015,,,,,0
0,1.38,2015-12-18,Friday,7,12,2015,,,,,0
0,1.38,2015-12-19,Saturday,1,12,2015,,,,,0
0,1.38,2015-12-20,Sunday,2,12,2015,,,,,0
0,1.38,2015-12-21,Monday,3,12,2015,,,,,0
0,1.38,2015-12-22,Tuesday,4,12,2015,,,,,0
0,1.38,2015-12-23,Wednesday,5,12,2015,,,,,0
0,1.38,2015-12-24,Thursday,6,12,2015,,,,,0
0,1.38,2015-12-25,Friday,7,12,2015,Christmas,National,,,0
0,1.38,2015-12-26,Saturday,1,12,2015,,,,,0
0,1.38,2015-12-27,Sunday,2,12,2015,,,,,0
0,1.38,2015-12-28,Monday,3,12,2015,,,,,0
0,1.38,2015-12-29,Tuesday,4,12,2015,,,,,0
0,1.38,2015-12-30,Wednesday,5,12,2015,,,,,0
0,1.38,2015-12-31,Thursday,6,12,2015,,,,,0
0,1.38,2016-01-01,Friday,7,1,2016,NewYear,National,,,0
0,1.38,2016-01-02,Saturday,1,1,2016,,,,,1
0,1.38,2016-01-03,Sunday,2,1,2016,,,,,1
0,1.38,2016-01-04,Monday,3,1,2016,,,,,0
0,1.38,2016-01-05,Tuesday,4,1,2016,,,,,1
0,1.38,2016-01-06,Wednesday,5,1,2016,,,,,1
82,1.38,2016-01-07,Thursday,6,1,2016,OrthodoxChristmas,Religious,,,0
99,1.38,2016-01-08,Friday,7,1,2016,,,,,1
117,1.38,2016-01-09,Saturday,1,1,2016,,,,,1
104,1.38,2016-01-10,Sunday,2,1,2016,,,,,0
81,1.38,2016-01-11,Monday,3,1,2016,,,,,1
52,1.38,2016-01-12,Tuesday,4,1,2016,,,,,1
50,1.38,2016-01-13,Wednesday,5,1,2016,,,,,0
71,1.38,2016-01-14,Thursday,6,1,2016,,,,,1
123,1.38,2016-01-15,Friday,7,1,2016,,,,,1
160,1.38,2016-01-16,Saturday,1,1,2016,,,,,0
96,1.38,2016-01-17,Sunday,2,1,2016,,,,,0
45,1.38,2016-01-18,Monday,3,1,2016,MartinLutherKingDay,National,,,0
72,1.38,2016-01-19,Tuesday,4,1,2016,,,,,0
39,1.38,2016-01-20,Wednesday,5,1,2016,,,,,0
48,1.38,2016-01-21,Thursday,6,1,2016,,,,,0
90,1.38,2016-01-22,Friday,7,1,2016,,,,,0
117,1.38,2016-01-23,Saturday,1,1,2016,,,,,0
113,1.38,2016-01-24,Sunday,2,1,2016,,,,,0
54,1.38,2016-01-25,Monday,3,1,2016,,,,,0
45,1.38,2016-01-26,Tuesday,4,1,2016,,,,,0
50,1.38,2016-01-27,Wednesday,5,1,2016,,,,,0
48,1.38,2016-01-28,Thursday,6,1,2016,,,,,0
122,1.38,2016-01-29,Friday,7,1,2016,,,,,0
101,1.38,2016-01-30,Saturday,1,1,2016,,,,,0
103,1.38,2016-01-31,Sunday,2,1,2016,,,,,0
65,1.38,2016-02-01,Monday,3,2,2016,,,,,0
55,1.38,2016-02-02,Tuesday,4,2,2016,,,,,1
51,1.38,2016-02-03,Wednesday,5,2,2016,,,,,1
76,1.38,2016-02-04,Thursday,6,2,2016,,,,,0
62,1.38,2016-02-05,Friday,7,2,2016,,,,,1
128,1.38,2016-02-06,Saturday,1,2,2016,,,,,1
124,1.38,2016-02-07,Sunday,2,2,2016,SuperBowl,Sporting,,,0
47,1.38,2016-02-08,Monday,3,2,2016,,,,,1
46,1.38,2016-02-09,Tuesday,4,2,2016,,,,,1
61,1.38,2016-02-10,Wednesday,5,2,2016,LentStart,Religious,,,0
54,1.38,2016-02-11,Thursday,6,2,2016,,,,,1
99,1.38,2016-02-12,Friday,7,2,2016,,,,,1
108,1.38,2016-02-13,Saturday,1,2,2016,,,,,0
174,1.38,2016-02-14,Sunday,2,2,2016,ValentinesDay,Cultural,,,1
84,1.38,2016-02-15,Monday,3,2,2016,PresidentsDay,National,,,1
85,1.38,2016-02-16,Tuesday,4,2,2016,,,,,0
68,1.38,2016-02-17,Wednesday,5,2,2016,LentWeek2,Religious,,,0
43,1.38,2016-02-18,Thursday,6,2,2016,,,,,0
116,1.38,2016-02-19,Friday,7,2,2016,,,,,0
160,1.38,2016-02-20,Saturday,1,2,2016,,,,,0
130,1.38,2016-02-21,Sunday,2,2,2016,,,,,0
47,1.38,2016-02-22,Monday,3,2,2016,,,,,0
46,1.38,2016-02-23,Tuesday,4,2,2016,,,,,0
34,1.38,2016-02-24,Wednesday,5,2,2016,,,,,0
65,1.38,2016-02-25,Thursday,6,2,2016,,,,,0
104,1.38,2016-02-26,Friday,7,2,2016,,,,,0
129,1.38,2016-02-27,Saturday,1,2,2016,,,,,0
118,1.38,2016-02-28,Sunday,2,2,2016,,,,,0
63,1.38,2016-02-29,Monday,3,2,2016,,,,,0
51,1.38,2016-03-01,Tuesday,4,3,2016,,,,,0
68,1.38,2016-03-02,Wednesday,5,3,2016,,,,,1
84,1.38,2016-03-03,Thursday,6,3,2016,,,,,1
95,1.38,2016-03-04,Friday,7,3,2016,,,,,0
164,1.38,2016-03-05,Saturday,1,3,2016,,,,,1
86,1.38,2016-03-06,Sunday,2,3,2016,,,,,1
79,1.38,2016-03-07,Monday,3,3,2016,,,,,0
35,1.38,2016-03-08,Tuesday,4,3,2016,,,,,1
43,1.38,2016-03-09,Wednesday,5,3,2016,,,,,1
45,1.38,2016-03-10,Thursday,6,3,2016,,,,,0
80,1.38,2016-03-11,Friday,7,3,2016,,,,,1
153,1.38,2016-03-12,Saturday,1,3,2016,,,,,1
109,1.38,2016-03-13,Sunday,2,3,2016,,,,,0
121,1.38,2016-03-14,Monday,3,3,2016,,,,,1
44,1.38,2016-03-15,Tuesday,4,3,2016,,,,,1
42,1.38,2016-03-16,Wednesday,5,3,2016,,,,,0
60,1.38,2016-03-17,Thursday,6,3,2016,StPatricksDay,Cultural,,,0
83,1.38,2016-03-18,Friday,7,3,2016,,,,,0
109,1.38,2016-03-19,Saturday,1,3,2016,,,,,0
77,1.38,2016-03-20,Sunday,2,3,2016,,,,,0
46,1.38,2016-03-21,Monday,3,3,2016,,,,,0
38,1.38,2016-03-22,Tuesday,4,3,2016,,,,,0
40,1.38,2016-03-23,Wednesday,5,3,2016,,,,,0
63,1.38,2016-03-24,Thursday,6,3,2016,Purim End,Religious,,,0
116,1.38,2016-03-25,Friday,7,3,2016,,,,,0
138,1.38,2016-03-26,Saturday,1,3,2016,,,,,0
154,1.38,2016-03-27,Sunday,2,3,2016,Easter,Cultural,,,0
7,1.38,2016-03-28,Monday,3,3,2016,,,,,0
63,1.38,2016-03-29,Tuesday,4,3,2016,,,,,0
70,1.38,2016-03-30,Wednesday,5,3,2016,,,,,0
64,1.38,2016-03-31,Thursday,6,3,2016,,,,,0
101,1.38,2016-04-01,Friday,7,4,2016,,,,,0
119,1.38,2016-04-02,Saturday,1,4,2016,,,,,1
110,1.38,2016-04-03,Sunday,2,4,2016,,,,,1
71,1.38,2016-04-04,Monday,3,4,2016,,,,,0
46,1.38,2016-04-05,Tuesday,4,4,2016,,,,,1
43,1.38,2016-04-06,Wednesday,5,4,2016,,,,,1
43,1.38,2016-04-07,Thursday,6,4,2016,,,,,0
107,1.38,2016-04-08,Friday,7,4,2016,,,,,1
131,1.38,2016-04-09,Saturday,1,4,2016,,,,,1
108,1.38,2016-04-10,Sunday,2,4,2016,,,,,0
50,1.38,2016-04-11,Monday,3,4,2016,,,,,1
52,1.38,2016-04-12,Tuesday,4,4,2016,,,,,1
52,1.38,2016-04-13,Wednesday,5,4,2016,,,,,0
68,1.38,2016-04-14,Thursday,6,4,2016,,,,,1
102,1.38,2016-04-15,Friday,7,4,2016,,,,,1
146,1.38,2016-04-16,Saturday,1,4,2016,,,,,0
112,1.38,2016-04-17,Sunday,2,4,2016,,,,,0
70,1.38,2016-04-18,Monday,3,4,2016,,,,,0
61,1.38,2016-04-19,Tuesday,4,4,2016,,,,,0
60,1.38,2016-04-20,Wednesday,5,4,2016,,,,,0
70,1.38,2016-04-21,Thursday,6,4,2016,,,,,0
70,1.38,2016-04-22,Friday,7,4,2016,,,,,0
171,1.38,2016-04-23,Saturday,1,4,2016,,,,,0
91,1.38,2016-04-24,Sunday,2,4,2016,,,,,0
56,1.38,2016-04-25,Monday,3,4,2016,,,,,0
49,1.38,2016-04-26,Tuesday,4,4,2016,,,,,0
44,1.38,2016-04-27,Wednesday,5,4,2016,,,,,0
65,1.38,2016-04-28,Thursday,6,4,2016,,,,,0
90,1.38,2016-04-29,Friday,7,4,2016,,,,,0
122,1.38,2016-04-30,Saturday,1,4,2016,Pesach End,Religious,,,0
80,1.38,2016-05-01,Sunday,2,5,2016,OrthodoxEaster,Religious,,,0
107,1.38,2016-05-02,Monday,3,5,2016,,,,,1
50,1.38,2016-05-03,Tuesday,4,5,2016,,,,,1
67,1.38,2016-05-04,Wednesday,5,5,2016,,,,,0
45,1.38,2016-05-05,Thursday,6,5,2016,Cinco De Mayo,Cultural,,,1
0,1.38,2016-05-06,Friday,7,5,2016,,,,,1
140,1.44,2016-05-07,Saturday,1,5,2016,,,,,0
122,1.44,2016-05-08,Sunday,2,5,2016,Mother's day,Cultural,,,1
47,1.44,2016-05-09,Monday,3,5,2016,,,,,1
51,1.44,2016-05-10,Tuesday,4,5,2016,,,,,0
55,1.44,2016-05-11,Wednesday,5,5,2016,,,,,1
56,1.44,2016-05-12,Thursday,6,5,2016,,,,,1
111,1.44,2016-05-13,Friday,7,5,2016,,,,,0
141,1.44,2016-05-14,Saturday,1,5,2016,,,,,1
80,1.44,2016-05-15,Sunday,2,5,2016,,,,,1
47,1.44,2016-05-16,Monday,3,5,2016,,,,,0
31,1.44,2016-05-17,Tuesday,4,5,2016,,,,,0
61,1.44,2016-05-18,Wednesday,5,5,2016,,,,,0
42,1.44,2016-05-19,Thursday,6,5,2016,,,,,0
67,1.44,2016-05-20,Friday,7,5,2016,,,,,0
126,1.44,2016-05-21,Saturday,1,5,2016,,,,,0
114,1.44,2016-05-22,Sunday,2,5,2016,,,,,0
